tree_index,height,num_mixers,num_reagents,original_flushing,modified_flushing,flushing_reduction,flushing_reduction_pct,original_loading,modified_loading,loading_change,loading_change_pct,original_time,modified_time,original_placement_flushes,modified_placement_flushes,nodes_scaled,nodes_merged
0,2,3,6,0,0,0,100.0,3,3,0,0.0,0.0,0.0,0,0,0,0
1,2,2,4,0,0,0,100.0,2,2,0,0.0,0.0,0.0,0,0,0,0
2,2,3,8,0,0,0,100.0,3,3,0,0.0,0.0,0.0,0,0,0,0
3,2,4,12,1,1,0,0.0,4,4,0,0.0,15.2,15.2,1,1,2,0
4,2,3,7,1,1,0,0.0,3,3,0,0.0,15.2,15.2,1,1,1,0
5,2,2,6,1,1,0,0.0,2,2,0,0.0,15.2,15.2,1,1,0,0
6,2,3,6,1,1,0,0.0,3,3,0,0.0,15.2,15.2,1,1,1,0
7,2,2,3,0,0,0,100.0,2,2,0,0.0,0.0,0.0,0,0,1,0
8,2,3,6,1,1,0,0.0,3,3,0,0.0,15.2,15.2,1,1,0,0
9,2,4,10,0,0,0,100.0,4,4,0,0.0,0.0,0.0,0,0,1,0
10,2,3,8,0,0,0,100.0,3,3,0,0.0,0.0,0.0,0,0,0,0
11,2,2,5,0,0,0,100.0,2,2,0,0.0,0.0,0.0,0,0,0,0
12,2,4,9,1,0,1,100.0,4,4,0,0.0,15.2,0.0,1,0,1,0
13,2,2,4,0,0,0,100.0,2,2,0,0.0,0.0,0.0,0,0,0,0
14,2,5,13,1,1,0,0.0,5,5,0,0.0,15.2,15.2,1,1,0,0
15,2,3,7,1,1,0,0.0,3,2,-1,-33.33333333333333,15.2,15.2,1,1,1,1
16,2,4,8,1,1,0,0.0,4,4,0,0.0,15.2,15.2,1,1,0,0
17,2,4,8,0,0,0,100.0,4,3,-1,-25.0,0.0,0.0,0,0,0,1
18,2,4,11,1,1,0,0.0,4,4,0,0.0,15.2,15.2,1,1,1,0
19,2,3,8,1,0,1,100.0,3,3,0,0.0,15.2,0.0,1,0,2,0
20,2,3,6,0,0,0,100.0,3,3,0,0.0,0.0,0.0,0,0,0,0
21,2,3,4,0,0,0,100.0,3,3,0,0.0,0.0,0.0,0,0,1,0
22,2,2,3,0,0,0,100.0,2,2,0,0.0,0.0,0.0,0,0,0,0
23,2,4,10,0,0,0,100.0,4,4,0,0.0,0.0,0.0,0,0,0,0
24,2,5,13,0,0,0,100.0,5,5,0,0.0,0.0,0.0,0,0,0,0
25,2,4,11,1,1,0,0.0,4,4,0,0.0,15.2,15.2,1,1,1,0
26,2,3,8,1,1,0,0.0,3,3,0,0.0,15.2,15.2,1,1,1,0
27,2,3,4,0,0,0,100.0,3,3,0,0.0,0.0,0.0,0,0,0,0
28,2,3,5,0,0,0,100.0,3,3,0,0.0,0.0,0.0,0,0,0,0
29,2,5,11,0,0,0,100.0,5,5,0,0.0,0.0,0.0,0,0,0,0
30,2,3,6,0,0,0,100.0,3,3,0,0.0,0.0,0.0,0,0,0,0
31,2,3,5,1,0,1,100.0,3,3,0,0.0,15.2,0.0,1,0,1,0
32,2,3,9,1,1,0,0.0,3,3,0,0.0,15.2,15.2,1,1,1,0
33,2,2,5,1,1,0,0.0,2,2,0,0.0,15.2,15.2,1,1,0,0
34,2,3,6,0,0,0,100.0,3,3,0,0.0,0.0,0.0,0,0,1,0
35,2,3,7,1,1,0,0.0,3,3,0,0.0,15.2,15.2,1,1,2,0
36,2,2,5,0,1,-1,0.0,2,2,0,0.0,0.0,15.2,0,1,1,0
37,2,2,3,0,0,0,100.0,2,2,0,0.0,0.0,0.0,0,0,1,0
38,2,3,9,0,0,0,100.0,3,3,0,0.0,0.0,0.0,0,0,1,0
39,2,3,6,1,1,0,0.0,3,3,0,0.0,15.2,15.2,1,1,0,0
40,2,3,6,0,0,0,100.0,3,3,0,0.0,0.0,0.0,0,0,1,0
41,2,2,4,0,0,0,100.0,2,2,0,0.0,0.0,0.0,0,0,0,0
42,2,3,8,0,0,0,100.0,3,3,0,0.0,0.0,0.0,0,0,0,0
43,2,2,4,0,0,0,100.0,2,2,0,0.0,0.0,0.0,0,0,0,0
44,2,5,11,0,1,-1,0.0,5,5,0,0.0,0.0,15.2,0,1,2,0
45,2,2,4,0,0,0,100.0,2,2,0,0.0,0.0,0.0,0,0,1,0
46,2,4,7,1,0,1,100.0,4,4,0,0.0,15.2,0.0,1,0,2,0
47,2,2,4,0,0,0,100.0,2,2,0,0.0,0.0,0.0,0,0,1,0
48,2,2,6,1,1,0,0.0,2,2,0,0.0,15.2,15.2,1,1,1,0
49,2,2,3,1,1,0,0.0,2,2,0,0.0,15.2,15.2,1,1,0,0
50,2,4,9,1,1,0,0.0,4,4,0,0.0,15.2,15.2,1,1,1,0
51,2,4,11,1,0,1,100.0,4,4,0,0.0,15.2,0.0,1,0,1,0
52,2,2,4,1,1,0,0.0,2,2,0,0.0,15.2,15.2,1,1,0,0
53,2,3,6,1,1,0,0.0,3,3,0,0.0,15.2,15.2,1,1,1,0
54,2,2,7,0,0,0,100.0,2,2,0,0.0,0.0,0.0,0,0,0,0
55,2,2,3,0,0,0,100.0,2,1,-1,-50.0,0.0,0.0,0,0,1,1
56,2,3,8,0,1,-1,0.0,3,3,0,0.0,0.0,15.2,0,1,1,0
57,2,3,6,1,1,0,0.0,3,3,0,0.0,15.2,15.2,1,1,1,0
58,2,4,10,0,1,-1,0.0,4,4,0,0.0,0.0,15.2,0,1,2,0
59,2,2,4,1,0,1,100.0,2,1,-1,-50.0,15.2,0.0,1,0,2,1
60,2,3,9,1,1,0,0.0,3,3,0,0.0,15.2,15.2,1,1,0,0
61,2,3,9,0,0,0,100.0,3,3,0,0.0,0.0,0.0,0,0,0,0
62,2,3,8,1,1,0,0.0,3,3,0,0.0,15.2,15.2,1,1,1,0
63,2,4,9,1,1,0,0.0,4,4,0,0.0,15.2,15.2,1,1,0,0
64,2,2,4,0,0,0,100.0,2,2,0,0.0,0.0,0.0,0,0,1,0
65,2,3,8,1,1,0,0.0,3,3,0,0.0,15.2,15.2,1,1,0,0
66,2,4,12,1,1,0,0.0,4,4,0,0.0,15.2,15.2,1,1,0,0
67,2,3,8,1,1,0,0.0,3,3,0,0.0,15.2,15.2,1,1,2,0
68,2,2,6,0,0,0,100.0,2,2,0,0.0,0.0,0.0,0,0,0,0
69,2,2,5,1,1,0,0.0,2,2,0,0.0,15.2,15.2,1,1,1,0
70,2,3,5,0,0,0,100.0,3,3,0,0.0,0.0,0.0,0,0,1,0
71,2,3,6,0,0,0,100.0,3,3,0,0.0,0.0,0.0,0,0,1,0
72,2,3,7,1,1,0,0.0,3,3,0,0.0,15.2,15.2,1,1,1,0
73,2,3,8,1,1,0,0.0,3,3,0,0.0,15.2,15.2,1,1,1,0
74,2,2,3,0,0,0,100.0,2,2,0,0.0,0.0,0.0,0,0,0,0
75,2,2,7,0,0,0,100.0,2,2,0,0.0,0.0,0.0,0,0,0,0
76,2,5,10,0,0,0,100.0,5,5,0,0.0,0.0,0.0,0,0,0,0
77,2,3,8,0,0,0,100.0,3,3,0,0.0,0.0,0.0,0,0,2,0
78,2,3,7,0,0,0,100.0,3,3,0,0.0,0.0,0.0,0,0,0,0
79,2,4,9,1,1,0,0.0,4,4,0,0.0,15.2,15.2,1,1,1,0
80,2,3,7,1,1,0,0.0,3,3,0,0.0,15.2,15.2,1,1,1,0
81,2,4,11,1,1,0,0.0,4,4,0,0.0,15.2,15.2,1,1,1,0
82,2,2,7,1,1,0,0.0,2,2,0,0.0,15.2,15.2,1,1,1,0
83,2,2,7,0,0,0,100.0,2,2,0,0.0,0.0,0.0,0,0,0,0
84,2,3,7,0,0,0,100.0,3,3,0,0.0,0.0,0.0,0,0,0,0
85,2,2,5,1,1,0,0.0,2,2,0,0.0,15.2,15.2,1,1,0,0
86,2,3,6,0,0,0,100.0,3,3,0,0.0,0.0,0.0,0,0,0,0
87,2,3,7,1,1,0,0.0,3,3,0,0.0,15.2,15.2,1,1,0,0
88,2,2,5,0,0,0,100.0,2,2,0,0.0,0.0,0.0,0,0,0,0
89,2,4,12,1,1,0,0.0,4,4,0,0.0,15.2,15.2,1,1,0,0
90,2,3,7,0,0,0,100.0,3,2,-1,-33.33333333333333,0.0,0.0,0,0,2,1
91,2,4,11,1,1,0,0.0,4,4,0,0.0,15.2,15.2,1,1,1,0
92,2,3,10,1,1,0,0.0,3,3,0,0.0,15.2,15.2,1,1,3,0
93,2,3,7,0,0,0,100.0,3,3,0,0.0,0.0,0.0,0,0,0,0
94,2,2,3,0,0,0,100.0,2,1,-1,-50.0,0.0,0.0,0,0,1,1
95,2,4,11,1,1,0,0.0,4,4,0,0.0,15.2,15.2,1,1,1,0
96,2,5,13,1,1,0,0.0,5,5,0,0.0,15.2,15.2,1,1,1,0
97,2,3,7,1,1,0,0.0,3,3,0,0.0,15.2,15.2,1,1,0,0
98,2,3,5,0,0,0,100.0,3,2,-1,-33.33333333333333,0.0,0.0,0,0,0,1
99,2,3,6,1,1,0,0.0,3,3,0,0.0,15.2,15.2,1,1,0,0
100,3,8,18,1,1,0,0.0,8,8,0,0.0,15.2,15.2,1,1,3,0
101,3,7,19,1,1,0,0.0,7,7,0,0.0,15.2,15.2,1,1,2,0
102,3,4,8,1,1,0,0.0,4,4,0,0.0,15.2,15.2,1,1,0,0
103,3,4,9,2,1,1,50.0,4,4,0,0.0,30.4,15.2,2,1,1,0
104,3,9,20,2,1,1,50.0,9,9,0,0.0,30.4,15.2,2,1,3,0
105,3,10,21,1,2,-1,-100.0,10,10,0,0.0,15.2,30.4,1,2,3,0
106,3,10,20,1,1,0,0.0,10,9,-1,-10.0,15.2,15.2,1,1,6,1
107,3,9,21,1,1,0,0.0,9,9,0,0.0,15.2,15.2,1,1,1,0
108,3,10,21,1,1,0,0.0,10,8,-2,-20.0,15.2,15.2,1,1,6,2
109,3,6,12,1,1,0,0.0,6,6,0,0.0,15.2,15.2,1,1,1,0
110,3,7,18,1,1,0,0.0,7,7,0,0.0,15.2,15.2,1,1,2,0
111,3,8,20,1,1,0,0.0,8,8,0,0.0,15.2,15.2,1,1,0,0
112,3,4,5,1,0,1,100.0,4,3,-1,-25.0,15.2,0.0,1,0,2,1
113,3,3,5,1,1,0,0.0,3,2,-1,-33.33333333333333,15.2,15.2,1,1,0,1
114,3,4,9,1,1,0,0.0,4,4,0,0.0,15.2,15.2,1,1,2,0
115,3,5,10,1,1,0,0.0,5,5,0,0.0,15.2,15.2,1,1,1,0
116,3,5,12,1,1,0,0.0,5,5,0,0.0,15.2,15.2,1,1,2,0
117,3,6,10,1,1,0,0.0,6,6,0,0.0,15.2,15.2,1,1,2,0
118,3,8,18,2,1,1,50.0,8,7,-1,-12.5,30.4,15.2,2,1,1,1
119,3,7,12,1,1,0,0.0,7,7,0,0.0,15.2,15.2,1,1,0,0
120,3,4,9,0,1,-1,0.0,4,4,0,0.0,0.0,15.2,0,1,1,0
121,3,4,8,0,1,-1,0.0,4,4,0,0.0,0.0,15.2,0,1,2,0
122,3,5,9,1,1,0,0.0,5,5,0,0.0,15.2,15.2,1,1,0,0
123,3,4,7,1,1,0,0.0,4,4,0,0.0,15.2,15.2,1,1,1,0
124,3,7,15,1,1,0,0.0,7,7,0,0.0,15.2,15.2,1,1,3,0
125,3,5,11,1,1,0,0.0,5,5,0,0.0,15.2,15.2,1,1,0,0
126,3,4,9,0,1,-1,0.0,4,4,0,0.0,0.0,15.2,0,1,2,0
127,3,5,7,1,1,0,0.0,5,4,-1,-20.0,15.2,15.2,1,1,1,1
128,3,5,11,0,0,0,100.0,5,5,0,0.0,0.0,0.0,0,0,1,0
129,3,3,6,0,0,0,100.0,3,3,0,0.0,0.0,0.0,0,0,0,0
130,3,4,8,0,0,0,100.0,4,2,-2,-50.0,0.0,0.0,0,0,0,2
131,3,5,13,1,1,0,0.0,5,5,0,0.0,15.2,15.2,1,1,0,0
132,3,7,16,1,1,0,0.0,7,7,0,0.0,15.2,15.2,1,1,2,0
133,3,6,17,1,1,0,0.0,6,6,0,0.0,15.2,15.2,1,1,1,0
134,3,5,11,0,1,-1,0.0,5,4,-1,-20.0,0.0,15.2,0,1,2,1
135,3,3,7,0,0,0,100.0,3,2,-1,-33.33333333333333,0.0,0.0,0,0,1,1
136,3,8,17,1,1,0,0.0,8,8,0,0.0,15.2,15.2,1,1,0,0
137,3,11,24,1,1,0,0.0,11,10,-1,-9.090909090909092,15.2,15.2,1,1,0,1
138,3,5,10,0,1,-1,0.0,5,5,0,0.0,0.0,15.2,0,1,1,0
139,3,3,8,1,1,0,0.0,3,3,0,0.0,15.2,15.2,1,1,0,0
140,3,6,8,0,0,0,100.0,6,5,-1,-16.666666666666664,0.0,0.0,0,0,1,1
141,3,7,13,1,1,0,0.0,7,7,0,0.0,15.2,15.2,1,1,0,0
142,3,4,8,0,1,-1,0.0,4,4,0,0.0,0.0,15.2,0,1,3,0
143,3,3,7,0,0,0,100.0,3,3,0,0.0,0.0,0.0,0,0,0,0
144,3,7,14,1,1,0,0.0,7,6,-1,-14.285714285714285,15.2,15.2,1,1,4,1
145,3,6,10,1,1,0,0.0,6,6,0,0.0,15.2,15.2,1,1,0,0
146,3,8,15,1,1,0,0.0,8,8,0,0.0,15.2,15.2,1,1,2,0
147,3,3,7,0,1,-1,0.0,3,2,-1,-33.33333333333333,0.0,15.2,0,1,1,1
148,3,5,12,1,1,0,0.0,5,5,0,0.0,15.2,15.2,1,1,1,0
149,3,6,12,1,0,1,100.0,6,6,0,0.0,15.2,0.0,1,0,2,0
150,3,8,15,2,1,1,50.0,8,8,0,0.0,30.4,15.2,2,1,2,0
151,3,6,14,1,1,0,0.0,6,6,0,0.0,15.2,15.2,1,1,3,0
152,3,10,25,1,1,0,0.0,10,9,-1,-10.0,15.2,15.2,1,1,2,1
153,3,4,9,1,1,0,0.0,4,4,0,0.0,15.2,15.2,1,1,0,0
154,3,3,7,0,0,0,100.0,3,3,0,0.0,0.0,0.0,0,0,0,0
155,3,5,11,1,1,0,0.0,5,5,0,0.0,15.2,15.2,1,1,2,0
156,3,3,5,0,1,-1,0.0,3,3,0,0.0,0.0,15.2,0,1,1,0
157,3,3,8,0,1,-1,0.0,3,3,0,0.0,0.0,15.2,0,1,1,0
158,3,5,11,1,0,1,100.0,5,4,-1,-20.0,15.2,0.0,1,0,1,1
159,3,8,16,1,1,0,0.0,8,8,0,0.0,15.2,15.2,1,1,2,0
160,3,5,13,1,1,0,0.0,5,5,0,0.0,15.2,15.2,1,1,4,0
161,3,10,21,2,2,0,0.0,10,9,-1,-10.0,30.4,30.4,2,2,2,1
162,3,10,22,2,1,1,50.0,10,10,0,0.0,30.4,15.2,2,1,2,0
163,3,8,18,1,1,0,0.0,8,8,0,0.0,15.2,15.2,1,1,0,0
164,3,9,15,3,3,0,0.0,9,9,0,0.0,45.599999999999994,45.599999999999994,3,3,0,0
165,3,8,19,1,1,0,0.0,8,7,-1,-12.5,15.2,15.2,1,1,5,1
166,3,4,9,0,0,0,100.0,4,4,0,0.0,0.0,0.0,0,0,0,0
167,3,6,13,0,0,0,100.0,6,5,-1,-16.666666666666664,0.0,0.0,0,0,0,1
168,3,8,15,1,1,0,0.0,8,7,-1,-12.5,15.2,15.2,1,1,1,1
169,3,6,12,1,1,0,0.0,6,6,0,0.0,15.2,15.2,1,1,3,0
170,3,7,15,2,1,1,50.0,7,7,0,0.0,30.4,15.2,2,1,1,0
171,3,11,22,1,1,0,0.0,11,11,0,0.0,15.2,15.2,1,1,3,0
172,3,3,6,1,1,0,0.0,3,3,0,0.0,15.2,15.2,1,1,0,0
173,3,8,19,1,1,0,0.0,8,8,0,0.0,15.2,15.2,1,1,3,0
174,3,4,8,0,0,0,100.0,4,3,-1,-25.0,0.0,0.0,0,0,1,1
175,3,6,12,1,1,0,0.0,6,6,0,0.0,15.2,15.2,1,1,2,0
176,3,7,15,0,0,0,100.0,7,7,0,0.0,0.0,0.0,0,0,0,0
177,3,12,26,1,1,0,0.0,12,12,0,0.0,15.2,15.2,1,1,1,0
178,3,5,10,1,1,0,0.0,5,5,0,0.0,15.2,15.2,1,1,2,0
179,3,6,16,1,1,0,0.0,6,6,0,0.0,15.2,15.2,1,1,0,0
180,3,10,22,1,1,0,0.0,10,10,0,0.0,15.2,15.2,1,1,2,0
181,3,7,15,1,1,0,0.0,7,6,-1,-14.285714285714285,15.2,15.2,1,1,2,1
182,3,4,8,0,1,-1,0.0,4,4,0,0.0,0.0,15.2,0,1,1,0
183,3,4,9,1,1,0,0.0,4,4,0,0.0,15.2,15.2,1,1,0,0
184,3,6,13,1,1,0,0.0,6,6,0,0.0,15.2,15.2,1,1,2,0
185,3,3,10,0,1,-1,0.0,3,3,0,0.0,0.0,15.2,0,1,2,0
186,3,7,13,1,1,0,0.0,7,6,-1,-14.285714285714285,15.2,15.2,1,1,4,1
187,3,8,18,1,1,0,0.0,8,8,0,0.0,15.2,15.2,1,1,2,0
188,3,9,22,1,1,0,0.0,9,9,0,0.0,15.2,15.2,1,1,3,0
189,3,8,18,1,1,0,0.0,8,7,-1,-12.5,15.2,15.2,1,1,2,1
190,3,10,25,1,1,0,0.0,10,8,-2,-20.0,15.2,15.2,1,1,4,2
191,3,5,13,1,1,0,0.0,5,5,0,0.0,15.2,15.2,1,1,2,0
192,3,5,10,0,1,-1,0.0,5,5,0,0.0,0.0,15.2,0,1,2,0
193,3,4,9,0,1,-1,0.0,4,4,0,0.0,0.0,15.2,0,1,1,0
194,3,4,12,0,0,0,100.0,4,4,0,0.0,0.0,0.0,0,0,0,0
195,3,5,11,1,1,0,0.0,5,5,0,0.0,15.2,15.2,1,1,0,0
196,3,6,14,1,1,0,0.0,6,5,-1,-16.666666666666664,15.2,15.2,1,1,0,1
197,3,12,31,1,1,0,0.0,12,12,0,0.0,15.2,15.2,1,1,1,0
198,3,9,22,2,1,1,50.0,9,9,0,0.0,30.4,15.2,2,1,3,0
199,3,5,11,1,1,0,0.0,5,4,-1,-20.0,15.2,15.2,1,1,2,1
200,3,5,11,0,1,-1,0.0,5,5,0,0.0,0.0,15.2,0,1,2,0
201,3,7,16,1,1,0,0.0,7,6,-1,-14.285714285714285,15.2,15.2,1,1,2,1
202,3,6,9,1,1,0,0.0,6,6,0,0.0,15.2,15.2,1,1,2,0
203,3,6,13,1,1,0,0.0,6,5,-1,-16.666666666666664,15.2,15.2,1,1,4,1
204,3,6,11,0,0,0,100.0,6,6,0,0.0,0.0,0.0,0,0,0,0
205,3,4,10,0,1,-1,0.0,4,4,0,0.0,0.0,15.2,0,1,1,0
206,3,10,22,1,1,0,0.0,10,10,0,0.0,15.2,15.2,1,1,2,0
207,3,6,11,0,0,0,100.0,6,6,0,0.0,0.0,0.0,0,0,0,0
208,3,9,21,1,1,0,0.0,9,9,0,0.0,15.2,15.2,1,1,3,0
209,3,5,9,1,1,0,0.0,5,5,0,0.0,15.2,15.2,1,1,2,0
210,3,9,16,3,1,2,66.66666666666666,9,9,0,0.0,45.599999999999994,15.2,3,1,2,0
211,3,6,15,1,1,0,0.0,6,6,0,0.0,15.2,15.2,1,1,0,0
212,3,6,11,1,1,0,0.0,6,5,-1,-16.666666666666664,15.2,15.2,1,1,2,1
213,3,8,17,0,2,-2,0.0,8,8,0,0.0,0.0,30.4,0,2,2,0
214,3,7,16,1,2,-1,-100.0,7,7,0,0.0,15.2,30.4,1,2,2,0
215,3,6,15,1,1,0,0.0,6,5,-1,-16.666666666666664,15.2,15.2,1,1,1,1
216,3,6,15,1,1,0,0.0,6,6,0,0.0,15.2,15.2,1,1,1,0
217,3,5,7,1,2,-1,-100.0,5,5,0,0.0,15.2,30.4,1,2,1,0
218,3,4,7,1,1,0,0.0,4,4,0,0.0,15.2,15.2,1,1,0,0
219,3,7,14,1,1,0,0.0,7,6,-1,-14.285714285714285,15.2,15.2,1,1,1,1
220,3,5,9,1,1,0,0.0,5,4,-1,-20.0,15.2,15.2,1,1,3,1
221,3,7,14,1,1,0,0.0,7,6,-1,-14.285714285714285,15.2,15.2,1,1,2,1
222,3,7,14,1,2,-1,-100.0,7,7,0,0.0,15.2,30.4,1,2,1,0
223,3,9,22,1,1,0,0.0,9,9,0,0.0,15.2,15.2,1,1,1,0
224,3,6,15,2,2,0,0.0,6,6,0,0.0,30.4,30.4,2,2,0,0
225,3,6,11,0,0,0,100.0,6,6,0,0.0,0.0,0.0,0,0,1,0
226,3,6,11,0,1,-1,0.0,6,6,0,0.0,0.0,15.2,0,1,2,0
227,3,5,11,1,1,0,0.0,5,5,0,0.0,15.2,15.2,1,1,1,0
228,3,10,18,1,1,0,0.0,10,10,0,0.0,15.2,15.2,1,1,1,0
229,3,9,19,2,2,0,0.0,9,8,-1,-11.11111111111111,30.4,30.4,2,2,2,1
230,3,6,11,0,1,-1,0.0,6,5,-1,-16.666666666666664,0.0,15.2,0,1,2,1
231,3,5,8,1,1,0,0.0,5,5,0,0.0,15.2,15.2,1,1,3,0
232,3,6,11,1,1,0,0.0,6,6,0,0.0,15.2,15.2,1,1,1,0
233,3,3,7,0,0,0,100.0,3,3,0,0.0,0.0,0.0,0,0,1,0
234,3,3,5,0,0,0,100.0,3,3,0,0.0,0.0,0.0,0,0,0,0
235,3,8,16,1,1,0,0.0,8,8,0,0.0,15.2,15.2,1,1,3,0
236,3,9,22,1,1,0,0.0,9,8,-1,-11.11111111111111,15.2,15.2,1,1,5,1
237,3,8,17,2,1,1,50.0,8,8,0,0.0,30.4,15.2,2,1,1,0
238,3,5,11,1,1,0,0.0,5,5,0,0.0,15.2,15.2,1,1,2,0
239,3,4,8,0,0,0,100.0,4,3,-1,-25.0,0.0,0.0,0,0,0,1
240,3,6,14,1,1,0,0.0,6,5,-1,-16.666666666666664,15.2,15.2,1,1,3,1
241,3,5,11,2,1,1,50.0,5,5,0,0.0,30.4,15.2,2,1,1,0
242,3,9,14,0,0,0,100.0,9,7,-2,-22.22222222222222,0.0,0.0,0,0,1,2
243,3,6,12,2,1,1,50.0,6,6,0,0.0,30.4,15.2,2,1,2,0
244,3,10,23,1,1,0,0.0,10,10,0,0.0,15.2,15.2,1,1,4,0
245,3,3,6,0,0,0,100.0,3,3,0,0.0,0.0,0.0,0,0,1,0
246,3,12,21,2,1,1,50.0,12,11,-1,-8.333333333333332,30.4,15.2,2,1,4,1
247,3,10,16,1,1,0,0.0,10,10,0,0.0,15.2,15.2,1,1,2,0
248,3,7,20,1,1,0,0.0,7,7,0,0.0,15.2,15.2,1,1,2,0
249,3,6,14,0,0,0,100.0,6,6,0,0.0,0.0,0.0,0,0,0,0
250,3,10,28,1,1,0,0.0,10,10,0,0.0,15.2,15.2,1,1,2,0
251,3,10,22,2,1,1,50.0,10,10,0,0.0,30.4,15.2,2,1,4,0
252,3,7,13,1,2,-1,-100.0,7,7,0,0.0,15.2,30.4,1,2,1,0
253,3,6,13,1,1,0,0.0,6,5,-1,-16.666666666666664,15.2,15.2,1,1,2,1
254,3,5,12,1,1,0,0.0,5,5,0,0.0,15.2,15.2,1,1,1,0
255,3,7,13,3,1,2,66.66666666666666,7,7,0,0.0,45.599999999999994,15.2,3,1,4,0
256,3,5,9,1,1,0,0.0,5,5,0,0.0,15.2,15.2,1,1,0,0
257,3,8,14,2,1,1,50.0,8,8,0,0.0,30.4,15.2,2,1,1,0
258,3,4,8,1,1,0,0.0,4,4,0,0.0,15.2,15.2,1,1,1,0
259,3,7,12,1,1,0,0.0,7,7,0,0.0,15.2,15.2,1,1,2,0
260,3,9,18,1,1,0,0.0,9,6,-3,-33.33333333333333,15.2,15.2,1,1,3,3
261,3,4,8,0,1,-1,0.0,4,4,0,0.0,0.0,15.2,0,1,3,0
262,3,6,12,1,1,0,0.0,6,6,0,0.0,15.2,15.2,1,1,0,0
263,3,11,30,1,1,0,0.0,11,11,0,0.0,15.2,15.2,1,1,3,0
264,3,3,6,1,1,0,0.0,3,3,0,0.0,15.2,15.2,1,1,2,0
265,3,6,12,0,0,0,100.0,6,6,0,0.0,0.0,0.0,0,0,1,0
266,3,5,8,0,0,0,100.0,5,5,0,0.0,0.0,0.0,0,0,0,0
267,3,6,16,1,1,0,0.0,6,6,0,0.0,15.2,15.2,1,1,1,0
268,3,3,7,0,0,0,100.0,3,3,0,0.0,0.0,0.0,0,0,1,0
269,3,7,16,1,1,0,0.0,7,7,0,0.0,15.2,15.2,1,1,0,0
270,3,7,13,0,0,0,100.0,7,5,-2,-28.57142857142857,0.0,0.0,0,0,0,2
271,3,9,20,1,1,0,0.0,9,8,-1,-11.11111111111111,15.2,15.2,1,1,3,1
272,3,6,14,1,1,0,0.0,6,6,0,0.0,15.2,15.2,1,1,0,0
273,3,8,17,1,1,0,0.0,8,7,-1,-12.5,15.2,15.2,1,1,4,1
274,3,4,6,0,0,0,100.0,4,4,0,0.0,0.0,0.0,0,0,0,0
275,3,10,21,1,3,-2,-200.0,10,10,0,0.0,15.2,45.599999999999994,1,3,2,0
276,3,8,21,1,1,0,0.0,8,8,0,0.0,15.2,15.2,1,1,1,0
277,3,5,10,0,1,-1,0.0,5,5,0,0.0,0.0,15.2,0,1,1,0
278,3,5,11,1,1,0,0.0,5,5,0,0.0,15.2,15.2,1,1,1,0
279,3,6,11,1,1,0,0.0,6,6,0,0.0,15.2,15.2,1,1,1,0
280,3,5,11,0,0,0,100.0,5,5,0,0.0,0.0,0.0,0,0,1,0
281,3,10,23,2,2,0,0.0,10,10,0,0.0,30.4,30.4,2,2,0,0
282,3,4,10,1,0,1,100.0,4,4,0,0.0,15.2,0.0,1,0,2,0
283,3,6,11,1,1,0,0.0,6,6,0,0.0,15.2,15.2,1,1,2,0
284,3,7,17,2,1,1,50.0,7,7,0,0.0,30.4,15.2,2,1,1,0
285,3,8,18,1,1,0,0.0,8,8,0,0.0,15.2,15.2,1,1,0,0
286,3,9,22,1,1,0,0.0,9,9,0,0.0,15.2,15.2,1,1,2,0
287,3,7,14,1,1,0,0.0,7,7,0,0.0,15.2,15.2,1,1,1,0
288,3,8,23,1,1,0,0.0,8,8,0,0.0,15.2,15.2,1,1,0,0
289,3,11,24,2,2,0,0.0,11,10,-1,-9.090909090909092,30.4,30.4,2,2,3,1
290,3,7,12,1,1,0,0.0,7,5,-2,-28.57142857142857,15.2,15.2,1,1,1,2
291,3,5,12,1,1,0,0.0,5,5,0,0.0,15.2,15.2,1,1,0,0
292,3,4,8,0,0,0,100.0,4,4,0,0.0,0.0,0.0,0,0,1,0
293,3,10,24,2,2,0,0.0,10,10,0,0.0,30.4,30.4,2,2,1,0
294,3,4,8,0,1,-1,0.0,4,4,0,0.0,0.0,15.2,0,1,2,0
295,3,3,5,0,1,-1,0.0,3,3,0,0.0,0.0,15.2,0,1,1,0
296,3,3,6,1,1,0,0.0,3,3,0,0.0,15.2,15.2,1,1,1,0
297,3,5,10,1,1,0,0.0,5,5,0,0.0,15.2,15.2,1,1,3,0
298,3,6,10,1,1,0,0.0,6,5,-1,-16.666666666666664,15.2,15.2,1,1,3,1
299,3,5,11,1,1,0,0.0,5,5,0,0.0,15.2,15.2,1,1,2,0
300,3,5,10,1,1,0,0.0,5,5,0,0.0,15.2,15.2,1,1,1,0
301,3,7,13,1,1,0,0.0,7,6,-1,-14.285714285714285,15.2,15.2,1,1,3,1
302,3,3,4,0,0,0,100.0,3,3,0,0.0,0.0,0.0,0,0,0,0
303,3,9,18,1,1,0,0.0,9,9,0,0.0,15.2,15.2,1,1,3,0
304,3,3,4,0,0,0,100.0,3,2,-1,-33.33333333333333,0.0,0.0,0,0,0,1
305,3,15,39,3,1,2,66.66666666666666,15,15,0,0.0,45.599999999999994,15.2,3,1,2,0
306,3,10,21,1,1,0,0.0,10,10,0,0.0,15.2,15.2,1,1,2,0
307,3,9,22,1,1,0,0.0,9,7,-2,-22.22222222222222,15.2,15.2,1,1,3,2
308,3,10,27,1,1,0,0.0,10,10,0,0.0,15.2,15.2,1,1,1,0
309,3,5,7,0,1,-1,0.0,5,4,-1,-20.0,0.0,15.2,0,1,1,1
310,3,11,31,1,1,0,0.0,11,10,-1,-9.090909090909092,15.2,15.2,1,1,3,1
311,3,8,17,1,2,-1,-100.0,8,8,0,0.0,15.2,30.4,1,2,2,0
312,3,9,18,1,1,0,0.0,9,8,-1,-11.11111111111111,15.2,15.2,1,1,2,1
313,3,7,15,0,1,-1,0.0,7,7,0,0.0,0.0,15.2,0,1,1,0
314,3,6,13,1,1,0,0.0,6,6,0,0.0,15.2,15.2,1,1,3,0
315,3,5,12,1,1,0,0.0,5,5,0,0.0,15.2,15.2,1,1,1,0
316,3,5,7,0,0,0,100.0,5,4,-1,-20.0,0.0,0.0,0,0,2,1
317,3,4,8,0,1,-1,0.0,4,4,0,0.0,0.0,15.2,0,1,1,0
318,3,7,13,1,1,0,0.0,7,6,-1,-14.285714285714285,15.2,15.2,1,1,3,1
319,3,8,19,1,1,0,0.0,8,8,0,0.0,15.2,15.2,1,1,1,0
320,3,6,13,0,0,0,100.0,6,6,0,0.0,0.0,0.0,0,0,0,0
321,3,8,17,1,1,0,0.0,8,7,-1,-12.5,15.2,15.2,1,1,2,1
322,3,4,8,0,0,0,100.0,4,4,0,0.0,0.0,0.0,0,0,2,0
323,3,8,17,1,1,0,0.0,8,8,0,0.0,15.2,15.2,1,1,3,0
324,3,8,18,1,2,-1,-100.0,8,8,0,0.0,15.2,30.4,1,2,2,0
325,3,6,12,1,1,0,0.0,6,6,0,0.0,15.2,15.2,1,1,3,0
326,3,5,10,0,0,0,100.0,5,5,0,0.0,0.0,0.0,0,0,1,0
327,3,6,13,0,0,0,100.0,6,5,-1,-16.666666666666664,0.0,0.0,0,0,0,1
328,3,8,16,1,1,0,0.0,8,8,0,0.0,15.2,15.2,1,1,4,0
329,3,5,11,0,1,-1,0.0,5,5,0,0.0,0.0,15.2,0,1,2,0
330,3,4,7,1,1,0,0.0,4,4,0,0.0,15.2,15.2,1,1,2,0
331,3,7,14,3,1,2,66.66666666666666,7,7,0,0.0,45.599999999999994,15.2,3,1,2,0
332,3,8,19,0,1,-1,0.0,8,7,-1,-12.5,0.0,15.2,0,1,4,1
333,3,12,29,1,1,0,0.0,12,12,0,0.0,15.2,15.2,1,1,3,0
334,3,5,10,1,1,0,0.0,5,4,-1,-20.0,15.2,15.2,1,1,2,1
335,3,3,8,1,1,0,0.0,3,3,0,0.0,15.2,15.2,1,1,1,0
336,3,7,15,1,0,1,100.0,7,6,-1,-14.285714285714285,15.2,0.0,1,0,1,1
337,3,9,15,1,1,0,0.0,9,9,0,0.0,15.2,15.2,1,1,3,0
338,3,7,16,1,1,0,0.0,7,7,0,0.0,15.2,15.2,1,1,6,0
339,3,9,19,2,2,0,0.0,9,9,0,0.0,30.4,30.4,2,2,0,0
340,3,7,16,1,1,0,0.0,7,6,-1,-14.285714285714285,15.2,15.2,1,1,4,1
341,3,5,9,0,2,-2,0.0,5,5,0,0.0,0.0,30.4,0,2,1,0
342,3,8,17,2,1,1,50.0,8,8,0,0.0,30.4,15.2,2,1,3,0
343,3,7,13,1,1,0,0.0,7,7,0,0.0,15.2,15.2,1,1,2,0
344,3,3,6,1,1,0,0.0,3,3,0,0.0,15.2,15.2,1,1,1,0
345,3,6,13,1,1,0,0.0,6,5,-1,-16.666666666666664,15.2,15.2,1,1,2,1
346,3,11,26,1,1,0,0.0,11,11,0,0.0,15.2,15.2,1,1,3,0
347,3,5,14,1,1,0,0.0,5,5,0,0.0,15.2,15.2,1,1,2,0
348,3,7,13,0,0,0,100.0,7,6,-1,-14.285714285714285,0.0,0.0,0,0,0,1
349,3,14,33,1,1,0,0.0,14,13,-1,-7.142857142857142,15.2,15.2,1,1,4,1
350,3,10,23,1,1,0,0.0,10,10,0,0.0,15.2,15.2,1,1,3,0
351,3,5,14,1,1,0,0.0,5,5,0,0.0,15.2,15.2,1,1,1,0
352,3,8,13,1,2,-1,-100.0,8,8,0,0.0,15.2,30.4,1,2,2,0
353,3,7,14,0,1,-1,0.0,7,6,-1,-14.285714285714285,0.0,15.2,0,1,2,1
354,3,8,21,2,1,1,50.0,8,8,0,0.0,30.4,15.2,2,1,1,0
355,3,5,9,1,1,0,0.0,5,5,0,0.0,15.2,15.2,1,1,1,0
356,3,7,16,1,1,0,0.0,7,7,0,0.0,15.2,15.2,1,1,1,0
357,3,5,13,1,1,0,0.0,5,4,-1,-20.0,15.2,15.2,1,1,0,1
358,3,6,13,0,1,-1,0.0,6,6,0,0.0,0.0,15.2,0,1,2,0
359,3,9,22,2,1,1,50.0,9,8,-1,-11.11111111111111,30.4,15.2,2,1,2,1
360,3,9,19,3,1,2,66.66666666666666,9,9,0,0.0,45.599999999999994,15.2,3,1,4,0
361,3,3,5,0,0,0,100.0,3,3,0,0.0,0.0,0.0,0,0,0,0
362,3,9,21,1,1,0,0.0,9,9,0,0.0,15.2,15.2,1,1,5,0
363,3,4,9,0,1,-1,0.0,4,4,0,0.0,0.0,15.2,0,1,1,0
364,3,5,10,0,1,-1,0.0,5,5,0,0.0,0.0,15.2,0,1,1,0
365,3,4,10,1,1,0,0.0,4,4,0,0.0,15.2,15.2,1,1,0,0
366,3,5,8,1,1,0,0.0,5,5,0,0.0,15.2,15.2,1,1,1,0
367,3,5,9,0,1,-1,0.0,5,4,-1,-20.0,0.0,15.2,0,1,1,1
368,3,6,11,0,1,-1,0.0,6,6,0,0.0,0.0,15.2,0,1,2,0
369,3,6,11,1,1,0,0.0,6,6,0,0.0,15.2,15.2,1,1,1,0
370,3,8,21,1,0,1,100.0,8,7,-1,-12.5,15.2,0.0,1,0,3,1
371,3,8,17,0,0,0,100.0,8,7,-1,-12.5,0.0,0.0,0,0,2,1
372,3,9,23,1,1,0,0.0,9,9,0,0.0,15.2,15.2,1,1,4,0
373,3,5,12,0,0,0,100.0,5,5,0,0.0,0.0,0.0,0,0,0,0
374,3,8,18,2,1,1,50.0,8,8,0,0.0,30.4,15.2,2,1,1,0
375,3,6,11,1,1,0,0.0,6,6,0,0.0,15.2,15.2,1,1,2,0
376,3,8,20,1,1,0,0.0,8,8,0,0.0,15.2,15.2,1,1,2,0
377,3,7,15,1,1,0,0.0,7,7,0,0.0,15.2,15.2,1,1,1,0
378,3,4,8,1,0,1,100.0,4,4,0,0.0,15.2,0.0,1,0,2,0
379,3,8,16,1,1,0,0.0,8,7,-1,-12.5,15.2,15.2,1,1,2,1
380,3,9,22,1,1,0,0.0,9,9,0,0.0,15.2,15.2,1,1,2,0
381,3,8,17,2,2,0,0.0,8,8,0,0.0,30.4,30.4,2,2,3,0
382,3,8,16,1,1,0,0.0,8,7,-1,-12.5,15.2,15.2,1,1,1,1
383,3,6,13,1,1,0,0.0,6,6,0,0.0,15.2,15.2,1,1,0,0
384,3,7,16,1,1,0,0.0,7,7,0,0.0,15.2,15.2,1,1,0,0
385,3,3,7,0,1,-1,0.0,3,3,0,0.0,0.0,15.2,0,1,1,0
386,3,6,12,1,1,0,0.0,6,6,0,0.0,15.2,15.2,1,1,2,0
387,3,9,16,1,1,0,0.0,9,8,-1,-11.11111111111111,15.2,15.2,1,1,3,1
388,3,5,11,0,1,-1,0.0,5,5,0,0.0,0.0,15.2,0,1,1,0
389,3,8,17,1,1,0,0.0,8,8,0,0.0,15.2,15.2,1,1,3,0
390,3,4,8,1,1,0,0.0,4,4,0,0.0,15.2,15.2,1,1,3,0
391,3,9,22,1,2,-1,-100.0,9,9,0,0.0,15.2,30.4,1,2,3,0
392,3,7,16,0,0,0,100.0,7,7,0,0.0,0.0,0.0,0,0,0,0
393,3,7,13,0,0,0,100.0,7,6,-1,-14.285714285714285,0.0,0.0,0,0,0,1
394,3,5,10,1,0,1,100.0,5,4,-1,-20.0,15.2,0.0,1,0,2,1
395,3,9,19,2,2,0,0.0,9,8,-1,-11.11111111111111,30.4,30.4,2,2,4,1
396,3,7,14,1,1,0,0.0,7,7,0,0.0,15.2,15.2,1,1,1,0
397,3,6,14,1,1,0,0.0,6,6,0,0.0,15.2,15.2,1,1,1,0
398,3,6,12,0,0,0,100.0,6,6,0,0.0,0.0,0.0,0,0,1,0
399,3,6,13,1,2,-1,-100.0,6,6,0,0.0,15.2,30.4,1,2,1,0
400,4,10,21,1,1,0,0.0,10,10,0,0.0,15.2,15.2,1,1,2,0
401,4,14,35,1,1,0,0.0,14,14,0,0.0,15.2,15.2,1,1,2,0
402,4,16,30,1,1,0,0.0,16,16,0,0.0,15.2,15.2,1,1,2,0
403,4,8,17,1,1,0,0.0,8,8,0,0.0,15.2,15.2,1,1,3,0
404,4,11,24,1,2,-1,-100.0,11,11,0,0.0,15.2,30.4,1,2,2,0
405,4,9,15,1,1,0,0.0,9,9,0,0.0,15.2,15.2,1,1,5,0
406,4,10,24,2,2,0,0.0,10,10,0,0.0,30.4,30.4,2,2,3,0
407,4,8,17,1,1,0,0.0,8,8,0,0.0,15.2,15.2,1,1,3,0
408,4,14,31,1,1,0,0.0,14,14,0,0.0,15.2,15.2,1,1,4,0
409,4,7,16,1,1,0,0.0,7,7,0,0.0,15.2,15.2,1,1,3,0
410,4,13,28,3,3,0,0.0,13,13,0,0.0,45.599999999999994,45.599999999999994,3,3,1,0
411,4,10,22,1,2,-1,-100.0,10,9,-1,-10.0,15.2,30.4,1,2,5,1
412,4,7,16,1,3,-2,-200.0,7,7,0,0.0,15.2,45.599999999999994,1,3,2,0
413,4,8,15,1,1,0,0.0,8,8,0,0.0,15.2,15.2,1,1,0,0
414,4,15,32,1,3,-2,-200.0,15,14,-1,-6.666666666666667,15.2,45.599999999999994,1,3,5,1
415,4,8,14,1,1,0,0.0,8,6,-2,-25.0,15.2,15.2,1,1,1,2
416,4,10,21,3,2,1,33.33333333333333,10,10,0,0.0,45.599999999999994,30.4,3,2,3,0
417,4,8,19,1,1,0,0.0,8,8,0,0.0,15.2,15.2,1,1,1,0
418,4,10,20,1,1,0,0.0,10,10,0,0.0,15.2,15.2,1,1,6,0
419,4,11,22,2,2,0,0.0,11,9,-2,-18.181818181818183,30.4,30.4,2,2,6,2
420,4,13,25,0,1,-1,0.0,13,13,0,0.0,0.0,15.2,0,1,4,0
421,4,5,7,1,1,0,0.0,5,5,0,0.0,15.2,15.2,1,1,2,0
422,4,16,32,1,1,0,0.0,16,16,0,0.0,15.2,15.2,1,1,2,0
423,4,15,28,1,1,0,0.0,15,15,0,0.0,15.2,15.2,1,1,5,0
424,4,10,15,1,1,0,0.0,10,9,-1,-10.0,15.2,15.2,1,1,0,1
425,4,15,34,1,1,0,0.0,15,15,0,0.0,15.2,15.2,1,1,6,0
426,4,9,17,1,2,-1,-100.0,9,9,0,0.0,15.2,30.4,1,2,2,0
427,4,15,27,3,1,2,66.66666666666666,15,15,0,0.0,45.599999999999994,15.2,3,1,3,0
428,4,13,27,2,2,0,0.0,13,13,0,0.0,30.4,30.4,2,2,5,0
429,4,17,42,1,1,0,0.0,17,16,-1,-5.88235294117647,15.2,15.2,1,1,5,1
430,4,5,7,1,0,1,100.0,5,5,0,0.0,15.2,0.0,1,0,2,0
431,4,8,17,1,3,-2,-200.0,8,7,-1,-12.5,15.2,45.599999999999994,1,3,2,1
432,4,8,18,2,1,1,50.0,8,7,-1,-12.5,30.4,15.2,2,1,2,1
433,4,16,33,1,1,0,0.0,16,14,-2,-12.5,15.2,15.2,1,1,6,2
434,4,12,25,2,2,0,0.0,12,10,-2,-16.666666666666664,30.4,30.4,2,2,1,2
435,4,6,13,1,1,0,0.0,6,6,0,0.0,15.2,15.2,1,1,0,0
436,4,8,17,1,1,0,0.0,8,8,0,0.0,15.2,15.2,1,1,0,0
437,4,10,20,1,1,0,0.0,10,10,0,0.0,15.2,15.2,1,1,5,0
438,4,21,44,1,1,0,0.0,21,20,-1,-4.761904761904762,15.2,15.2,1,1,5,1
439,4,10,18,2,1,1,50.0,10,10,0,0.0,30.4,15.2,2,1,3,0
440,4,4,7,1,1,0,0.0,4,4,0,0.0,15.2,15.2,1,1,1,0
441,4,12,25,1,1,0,0.0,12,11,-1,-8.333333333333332,15.2,15.2,1,1,3,1
442,4,11,21,2,0,2,100.0,11,11,0,0.0,30.4,0.0,2,0,3,0
443,4,18,35,1,1,0,0.0,18,18,0,0.0,15.2,15.2,1,1,3,0
444,4,15,31,2,1,1,50.0,15,14,-1,-6.666666666666667,30.4,15.2,2,1,5,1
445,4,8,16,2,1,1,50.0,8,7,-1,-12.5,30.4,15.2,2,1,4,1
446,4,16,31,1,1,0,0.0,16,15,-1,-6.25,15.2,15.2,1,1,2,1
447,4,11,23,2,2,0,0.0,11,10,-1,-9.090909090909092,30.4,30.4,2,2,2,1
448,4,20,39,1,1,0,0.0,20,19,-1,-5.0,15.2,15.2,1,1,4,1
449,4,7,15,0,1,-1,0.0,7,7,0,0.0,0.0,15.2,0,1,2,0
450,4,12,24,1,1,0,0.0,12,12,0,0.0,15.2,15.2,1,1,3,0
451,4,8,17,1,1,0,0.0,8,8,0,0.0,15.2,15.2,1,1,1,0
452,4,9,18,1,1,0,0.0,9,8,-1,-11.11111111111111,15.2,15.2,1,1,1,1
453,4,22,42,4,1,3,75.0,22,19,-3,-13.636363636363635,60.8,15.2,4,1,4,3
454,4,12,20,1,1,0,0.0,12,11,-1,-8.333333333333332,15.2,15.2,1,1,1,1
455,4,25,59,1,1,0,0.0,25,24,-1,-4.0,15.2,15.2,1,1,3,1
456,4,17,30,1,3,-2,-200.0,17,17,0,0.0,15.2,45.599999999999994,1,3,4,0
457,4,5,11,1,0,1,100.0,5,5,0,0.0,15.2,0.0,1,0,1,0
458,4,10,21,1,0,1,100.0,10,9,-1,-10.0,15.2,0.0,1,0,3,1
459,4,6,12,1,1,0,0.0,6,6,0,0.0,15.2,15.2,1,1,0,0
460,4,6,13,1,1,0,0.0,6,6,0,0.0,15.2,15.2,1,1,1,0
461,4,13,29,1,1,0,0.0,13,12,-1,-7.6923076923076925,15.2,15.2,1,1,4,1
462,4,8,13,1,1,0,0.0,8,7,-1,-12.5,15.2,15.2,1,1,3,1
463,4,15,27,1,1,0,0.0,15,15,0,0.0,15.2,15.2,1,1,3,0
464,4,16,34,1,1,0,0.0,16,16,0,0.0,15.2,15.2,1,1,6,0
465,4,17,35,1,1,0,0.0,17,16,-1,-5.88235294117647,15.2,15.2,1,1,5,1
466,4,9,13,1,1,0,0.0,9,8,-1,-11.11111111111111,15.2,15.2,1,1,2,1
467,4,8,14,1,1,0,0.0,8,8,0,0.0,15.2,15.2,1,1,2,0
468,4,7,15,0,1,-1,0.0,7,6,-1,-14.285714285714285,0.0,15.2,0,1,1,1
469,4,21,42,1,5,-4,-400.0,21,21,0,0.0,15.2,76.0,1,5,5,0
470,4,8,11,0,2,-2,0.0,8,6,-2,-25.0,0.0,30.4,0,2,1,2
471,4,18,38,4,1,3,75.0,18,18,0,0.0,60.8,15.2,4,1,5,0
472,4,10,25,2,1,1,50.0,10,10,0,0.0,30.4,15.2,2,1,6,0
473,4,5,8,2,1,1,50.0,5,5,0,0.0,30.4,15.2,2,1,2,0
474,4,10,21,2,1,1,50.0,10,9,-1,-10.0,30.4,15.2,2,1,2,1
475,4,8,17,1,0,1,100.0,8,7,-1,-12.5,15.2,0.0,1,0,3,1
476,4,10,21,1,1,0,0.0,10,10,0,0.0,15.2,15.2,1,1,1,0
477,4,24,53,1,4,-3,-300.0,24,23,-1,-4.166666666666666,15.2,60.8,1,4,5,1
478,4,8,16,0,0,0,100.0,8,6,-2,-25.0,0.0,0.0,0,0,1,2
479,4,10,19,1,1,0,0.0,10,10,0,0.0,15.2,15.2,1,1,1,0
480,4,7,14,1,1,0,0.0,7,5,-2,-28.57142857142857,15.2,15.2,1,1,1,2
481,4,7,13,1,1,0,0.0,7,6,-1,-14.285714285714285,15.2,15.2,1,1,0,1
482,4,8,13,3,0,3,100.0,8,6,-2,-25.0,45.599999999999994,0.0,3,0,2,2
483,4,17,34,1,1,0,0.0,17,17,0,0.0,15.2,15.2,1,1,1,0
484,4,9,20,1,2,-1,-100.0,9,9,0,0.0,15.2,30.4,1,2,2,0
485,4,13,28,1,4,-3,-300.0,13,13,0,0.0,15.2,60.8,1,4,4,0
486,4,17,37,1,1,0,0.0,17,17,0,0.0,15.2,15.2,1,1,4,0
487,4,9,19,2,1,1,50.0,9,9,0,0.0,30.4,15.2,2,1,2,0
488,4,12,24,1,1,0,0.0,12,10,-2,-16.666666666666664,15.2,15.2,1,1,5,2
489,4,12,29,1,1,0,0.0,12,12,0,0.0,15.2,15.2,1,1,2,0
490,4,9,20,1,1,0,0.0,9,8,-1,-11.11111111111111,15.2,15.2,1,1,1,1
491,4,8,13,1,1,0,0.0,8,7,-1,-12.5,15.2,15.2,1,1,3,1
492,4,18,42,1,1,0,0.0,18,18,0,0.0,15.2,15.2,1,1,8,0
493,4,9,19,1,1,0,0.0,9,9,0,0.0,15.2,15.2,1,1,3,0
494,4,9,17,1,1,0,0.0,9,9,0,0.0,15.2,15.2,1,1,2,0
495,4,7,12,1,1,0,0.0,7,6,-1,-14.285714285714285,15.2,15.2,1,1,2,1
496,4,10,18,1,3,-2,-200.0,10,10,0,0.0,15.2,45.599999999999994,1,3,1,0
497,4,14,33,1,1,0,0.0,14,14,0,0.0,15.2,15.2,1,1,7,0
498,4,7,18,1,1,0,0.0,7,7,0,0.0,15.2,15.2,1,1,0,0
499,4,16,36,2,1,1,50.0,16,16,0,0.0,30.4,15.2,2,1,4,0
500,4,9,18,1,1,0,0.0,9,9,0,0.0,15.2,15.2,1,1,1,0
501,4,11,27,1,1,0,0.0,11,11,0,0.0,15.2,15.2,1,1,2,0
502,4,9,20,2,1,1,50.0,9,9,0,0.0,30.4,15.2,2,1,1,0
503,4,18,35,1,1,0,0.0,18,17,-1,-5.555555555555555,15.2,15.2,1,1,3,1
504,4,4,10,0,0,0,100.0,4,4,0,0.0,0.0,0.0,0,0,1,0
505,4,18,30,4,1,3,75.0,18,16,-2,-11.11111111111111,60.8,15.2,4,1,7,2
506,4,10,18,1,1,0,0.0,10,9,-1,-10.0,15.2,15.2,1,1,3,1
507,4,11,23,1,2,-1,-100.0,11,11,0,0.0,15.2,30.4,1,2,4,0
508,4,12,27,3,1,2,66.66666666666666,12,12,0,0.0,45.599999999999994,15.2,3,1,2,0
509,4,6,12,1,1,0,0.0,6,6,0,0.0,15.2,15.2,1,1,2,0
510,4,9,19,0,1,-1,0.0,9,8,-1,-11.11111111111111,0.0,15.2,0,1,1,1
511,4,8,17,1,1,0,0.0,8,7,-1,-12.5,15.2,15.2,1,1,4,1
512,4,12,22,2,1,1,50.0,12,11,-1,-8.333333333333332,30.4,15.2,2,1,5,1
513,4,7,14,0,0,0,100.0,7,7,0,0.0,0.0,0.0,0,0,2,0
514,4,15,29,1,1,0,0.0,15,14,-1,-6.666666666666667,15.2,15.2,1,1,3,1
515,4,14,27,1,1,0,0.0,14,14,0,0.0,15.2,15.2,1,1,0,0
516,4,5,12,1,1,0,0.0,5,5,0,0.0,15.2,15.2,1,1,0,0
517,4,11,22,2,3,-1,-50.0,11,10,-1,-9.090909090909092,30.4,45.599999999999994,2,3,1,1
518,4,9,16,1,4,-3,-300.0,9,9,0,0.0,15.2,60.8,1,4,3,0
519,4,24,48,1,7,-6,-600.0,24,22,-2,-8.333333333333332,15.2,106.39999999999999,1,7,4,2
520,4,13,29,3,3,0,0.0,13,13,0,0.0,45.599999999999994,45.599999999999994,3,3,4,0
521,4,16,34,1,1,0,0.0,16,15,-1,-6.25,15.2,15.2,1,1,2,1
522,4,15,32,7,1,6,85.71428571428571,15,15,0,0.0,106.39999999999999,15.2,7,1,6,0
523,4,12,25,2,1,1,50.0,12,12,0,0.0,30.4,15.2,2,1,1,0
524,4,14,33,4,4,0,0.0,14,14,0,0.0,60.8,60.8,4,4,5,0
525,4,8,16,1,1,0,0.0,8,6,-2,-25.0,15.2,15.2,1,1,5,2
526,4,8,17,1,1,0,0.0,8,8,0,0.0,15.2,15.2,1,1,2,0
527,4,14,29,1,1,0,0.0,14,14,0,0.0,15.2,15.2,1,1,4,0
528,4,12,26,1,1,0,0.0,12,12,0,0.0,15.2,15.2,1,1,1,0
529,4,16,39,1,1,0,0.0,16,16,0,0.0,15.2,15.2,1,1,3,0
530,4,8,16,1,1,0,0.0,8,7,-1,-12.5,15.2,15.2,1,1,2,1
531,4,5,8,0,1,-1,0.0,5,5,0,0.0,0.0,15.2,0,1,3,0
532,4,8,20,1,1,0,0.0,8,8,0,0.0,15.2,15.2,1,1,2,0
533,4,13,26,1,2,-1,-100.0,13,13,0,0.0,15.2,30.4,1,2,3,0
534,4,21,47,3,4,-1,-33.33333333333333,21,21,0,0.0,45.599999999999994,60.8,3,4,7,0
535,4,14,22,2,1,1,50.0,14,13,-1,-7.142857142857142,30.4,15.2,2,1,6,1
536,4,11,21,1,2,-1,-100.0,11,10,-1,-9.090909090909092,15.2,30.4,1,2,4,1
537,4,10,26,1,1,0,0.0,10,10,0,0.0,15.2,15.2,1,1,1,0
538,4,4,12,1,1,0,0.0,4,4,0,0.0,15.2,15.2,1,1,0,0
539,4,12,21,3,3,0,0.0,12,12,0,0.0,45.599999999999994,45.599999999999994,3,3,0,0
540,4,5,8,1,1,0,0.0,5,5,0,0.0,15.2,15.2,1,1,3,0
541,4,8,18,1,2,-1,-100.0,8,8,0,0.0,15.2,30.4,1,2,3,0
542,4,15,37,2,1,1,50.0,15,14,-1,-6.666666666666667,30.4,15.2,2,1,3,1
543,4,10,20,1,2,-1,-100.0,10,10,0,0.0,15.2,30.4,1,2,3,0
544,4,17,40,1,1,0,0.0,17,16,-1,-5.88235294117647,15.2,15.2,1,1,5,1
545,4,16,35,1,1,0,0.0,16,14,-2,-12.5,15.2,15.2,1,1,5,2
546,4,12,22,1,1,0,0.0,12,12,0,0.0,15.2,15.2,1,1,3,0
547,4,10,17,1,1,0,0.0,10,10,0,0.0,15.2,15.2,1,1,1,0
548,4,12,24,1,1,0,0.0,12,10,-2,-16.666666666666664,15.2,15.2,1,1,3,2
549,4,9,17,1,0,1,100.0,9,9,0,0.0,15.2,0.0,1,0,2,0
550,4,20,42,3,1,2,66.66666666666666,20,20,0,0.0,45.599999999999994,15.2,3,1,4,0
551,4,18,39,1,1,0,0.0,18,17,-1,-5.555555555555555,15.2,15.2,1,1,6,1
552,4,9,18,2,1,1,50.0,9,8,-1,-11.11111111111111,30.4,15.2,2,1,2,1
553,4,17,32,2,3,-1,-50.0,17,16,-1,-5.88235294117647,30.4,45.599999999999994,2,3,1,1
554,4,7,13,1,1,0,0.0,7,7,0,0.0,15.2,15.2,1,1,0,0
555,4,8,16,1,1,0,0.0,8,8,0,0.0,15.2,15.2,1,1,1,0
556,4,12,22,1,2,-1,-100.0,12,12,0,0.0,15.2,30.4,1,2,3,0
557,4,10,19,2,3,-1,-50.0,10,10,0,0.0,30.4,45.599999999999994,2,3,3,0
558,4,8,13,2,1,1,50.0,8,8,0,0.0,30.4,15.2,2,1,2,0
559,4,11,21,3,2,1,33.33333333333333,11,10,-1,-9.090909090909092,45.599999999999994,30.4,3,2,1,1
560,4,8,15,1,0,1,100.0,8,8,0,0.0,15.2,0.0,1,0,3,0
561,4,9,20,2,1,1,50.0,9,7,-2,-22.22222222222222,30.4,15.2,2,1,3,2
562,4,9,13,1,0,1,100.0,9,9,0,0.0,15.2,0.0,1,0,2,0
563,4,12,26,4,3,1,25.0,12,11,-1,-8.333333333333332,60.8,45.599999999999994,4,3,0,1
564,4,11,22,2,1,1,50.0,11,10,-1,-9.090909090909092,30.4,15.2,2,1,3,1
565,4,12,31,1,1,0,0.0,12,12,0,0.0,15.2,15.2,1,1,1,0
566,4,19,42,1,1,0,0.0,19,19,0,0.0,15.2,15.2,1,1,6,0
567,4,15,34,1,1,0,0.0,15,13,-2,-13.333333333333334,15.2,15.2,1,1,5,2
568,4,5,10,1,1,0,0.0,5,5,0,0.0,15.2,15.2,1,1,3,0
569,4,9,13,2,3,-1,-50.0,9,8,-1,-11.11111111111111,30.4,45.599999999999994,2,3,3,1
570,4,15,29,2,1,1,50.0,15,14,-1,-6.666666666666667,30.4,15.2,2,1,3,1
571,4,17,38,1,1,0,0.0,17,16,-1,-5.88235294117647,15.2,15.2,1,1,5,1
572,4,7,14,1,2,-1,-100.0,7,7,0,0.0,15.2,30.4,1,2,2,0
573,4,12,25,3,3,0,0.0,12,12,0,0.0,45.599999999999994,45.599999999999994,3,3,1,0
574,4,10,22,1,1,0,0.0,10,10,0,0.0,15.2,15.2,1,1,1,0
575,4,19,43,1,3,-2,-200.0,19,19,0,0.0,15.2,45.599999999999994,1,3,4,0
576,4,9,19,0,0,0,100.0,9,9,0,0.0,0.0,0.0,0,0,0,0
577,4,16,34,2,2,0,0.0,16,14,-2,-12.5,30.4,30.4,2,2,4,2
578,4,13,30,1,1,0,0.0,13,13,0,0.0,15.2,15.2,1,1,2,0
579,4,14,31,1,1,0,0.0,14,14,0,0.0,15.2,15.2,1,1,4,0
580,4,21,44,1,1,0,0.0,21,17,-4,-19.047619047619047,15.2,15.2,1,1,5,4
581,4,16,34,6,2,4,66.66666666666666,16,16,0,0.0,91.19999999999999,30.4,6,2,2,0
582,4,12,26,4,1,3,75.0,12,11,-1,-8.333333333333332,60.8,15.2,4,1,7,1
583,4,5,10,1,1,0,0.0,5,5,0,0.0,15.2,15.2,1,1,3,0
584,4,9,18,2,1,1,50.0,9,8,-1,-11.11111111111111,30.4,15.2,2,1,4,1
585,4,13,25,2,3,-1,-50.0,13,13,0,0.0,30.4,45.599999999999994,2,3,4,0
586,4,17,40,1,1,0,0.0,17,17,0,0.0,15.2,15.2,1,1,5,0
587,4,13,28,2,3,-1,-50.0,13,12,-1,-7.6923076923076925,30.4,45.599999999999994,2,3,5,1
588,4,11,20,1,6,-5,-500.0,11,11,0,0.0,15.2,91.19999999999999,1,6,4,0
589,4,13,29,1,1,0,0.0,13,13,0,0.0,15.2,15.2,1,1,4,0
590,4,11,24,1,2,-1,-100.0,11,10,-1,-9.090909090909092,15.2,30.4,1,2,3,1
591,4,10,22,2,2,0,0.0,10,10,0,0.0,30.4,30.4,2,2,1,0
592,4,13,22,1,2,-1,-100.0,13,12,-1,-7.6923076923076925,15.2,30.4,1,2,2,1
593,4,9,20,0,0,0,100.0,9,8,-1,-11.11111111111111,0.0,0.0,0,0,0,1
594,4,17,34,1,1,0,0.0,17,16,-1,-5.88235294117647,15.2,15.2,1,1,7,1
595,4,6,10,0,1,-1,0.0,6,6,0,0.0,0.0,15.2,0,1,1,0
596,4,9,15,1,1,0,0.0,9,8,-1,-11.11111111111111,15.2,15.2,1,1,2,1
597,4,9,19,1,1,0,0.0,9,8,-1,-11.11111111111111,15.2,15.2,1,1,4,1
598,4,6,8,1,1,0,0.0,6,6,0,0.0,15.2,15.2,1,1,3,0
599,4,9,19,1,1,0,0.0,9,9,0,0.0,15.2,15.2,1,1,2,0
600,4,15,32,3,3,0,0.0,15,14,-1,-6.666666666666667,45.599999999999994,45.599999999999994,3,3,3,1
601,4,10,21,1,1,0,0.0,10,9,-1,-10.0,15.2,15.2,1,1,2,1
602,4,12,25,1,1,0,0.0,12,11,-1,-8.333333333333332,15.2,15.2,1,1,3,1
603,4,6,12,1,1,0,0.0,6,6,0,0.0,15.2,15.2,1,1,1,0
604,4,12,24,2,3,-1,-50.0,12,12,0,0.0,30.4,45.599999999999994,2,3,4,0
605,4,18,34,1,1,0,0.0,18,17,-1,-5.555555555555555,15.2,15.2,1,1,4,1
606,4,16,37,1,2,-1,-100.0,16,15,-1,-6.25,15.2,30.4,1,2,3,1
607,4,7,11,0,0,0,100.0,7,7,0,0.0,0.0,0.0,0,0,1,0
608,4,19,41,1,1,0,0.0,19,16,-3,-15.789473684210526,15.2,15.2,1,1,6,3
609,4,10,20,1,1,0,0.0,10,7,-3,-30.0,15.2,15.2,1,1,5,3
610,4,9,17,2,1,1,50.0,9,9,0,0.0,30.4,15.2,2,1,4,0
611,4,10,20,1,1,0,0.0,10,9,-1,-10.0,15.2,15.2,1,1,4,1
612,4,9,19,1,1,0,0.0,9,9,0,0.0,15.2,15.2,1,1,2,0
613,4,5,8,1,1,0,0.0,5,5,0,0.0,15.2,15.2,1,1,1,0
614,4,6,14,0,1,-1,0.0,6,5,-1,-16.666666666666664,0.0,15.2,0,1,2,1
615,4,15,29,3,1,2,66.66666666666666,15,15,0,0.0,45.599999999999994,15.2,3,1,5,0
616,4,11,21,1,1,0,0.0,11,11,0,0.0,15.2,15.2,1,1,0,0
617,4,15,37,2,2,0,0.0,15,15,0,0.0,30.4,30.4,2,2,1,0
618,4,10,20,1,2,-1,-100.0,10,10,0,0.0,15.2,30.4,1,2,3,0
619,4,9,15,2,1,1,50.0,9,8,-1,-11.11111111111111,30.4,15.2,2,1,2,1
620,4,8,15,0,1,-1,0.0,8,8,0,0.0,0.0,15.2,0,1,2,0
621,4,4,8,1,1,0,0.0,4,3,-1,-25.0,15.2,15.2,1,1,1,1
622,4,17,39,1,1,0,0.0,17,16,-1,-5.88235294117647,15.2,15.2,1,1,5,1
623,4,10,21,1,1,0,0.0,10,9,-1,-10.0,15.2,15.2,1,1,5,1
624,4,8,14,1,1,0,0.0,8,8,0,0.0,15.2,15.2,1,1,2,0
625,4,13,29,3,3,0,0.0,13,13,0,0.0,45.599999999999994,45.599999999999994,3,3,3,0
626,4,8,17,1,1,0,0.0,8,8,0,0.0,15.2,15.2,1,1,1,0
627,4,15,28,1,1,0,0.0,15,14,-1,-6.666666666666667,15.2,15.2,1,1,4,1
628,4,14,30,1,2,-1,-100.0,14,14,0,0.0,15.2,30.4,1,2,3,0
629,4,5,8,0,0,0,100.0,5,5,0,0.0,0.0,0.0,0,0,0,0
630,4,7,17,1,2,-1,-100.0,7,7,0,0.0,15.2,30.4,1,2,1,0
631,4,11,25,2,1,1,50.0,11,11,0,0.0,30.4,15.2,2,1,2,0
632,4,14,31,3,1,2,66.66666666666666,14,12,-2,-14.285714285714285,45.599999999999994,15.2,3,1,5,2
633,4,13,27,1,1,0,0.0,13,9,-4,-30.76923076923077,15.2,15.2,1,1,2,4
634,4,10,20,1,1,0,0.0,10,10,0,0.0,15.2,15.2,1,1,4,0
635,4,19,39,4,2,2,50.0,19,19,0,0.0,60.8,30.4,4,2,2,0
636,4,16,31,4,4,0,0.0,16,15,-1,-6.25,60.8,60.8,4,4,2,1
637,4,16,34,6,1,5,83.33333333333334,16,15,-1,-6.25,91.19999999999999,15.2,6,1,4,1
638,4,15,33,1,1,0,0.0,15,14,-1,-6.666666666666667,15.2,15.2,1,1,3,1
639,4,5,11,1,1,0,0.0,5,5,0,0.0,15.2,15.2,1,1,2,0
640,4,13,29,1,1,0,0.0,13,13,0,0.0,15.2,15.2,1,1,2,0
641,4,16,31,1,1,0,0.0,16,13,-3,-18.75,15.2,15.2,1,1,7,3
642,4,20,49,1,1,0,0.0,20,17,-3,-15.0,15.2,15.2,1,1,3,3
643,4,15,38,1,1,0,0.0,15,15,0,0.0,15.2,15.2,1,1,4,0
644,4,13,31,2,2,0,0.0,13,12,-1,-7.6923076923076925,30.4,30.4,2,2,1,1
645,4,15,34,3,1,2,66.66666666666666,15,15,0,0.0,45.599999999999994,15.2,3,1,5,0
646,4,11,25,1,2,-1,-100.0,11,11,0,0.0,15.2,30.4,1,2,2,0
647,4,9,15,1,1,0,0.0,9,9,0,0.0,15.2,15.2,1,1,1,0
648,4,10,14,3,1,2,66.66666666666666,10,9,-1,-10.0,45.599999999999994,15.2,3,1,3,1
649,4,14,25,1,1,0,0.0,14,13,-1,-7.142857142857142,15.2,15.2,1,1,2,1
650,4,15,33,5,1,4,80.0,15,12,-3,-20.0,76.0,15.2,5,1,7,3
651,4,12,27,2,1,1,50.0,12,11,-1,-8.333333333333332,30.4,15.2,2,1,4,1
652,4,7,12,1,1,0,0.0,7,7,0,0.0,15.2,15.2,1,1,4,0
653,4,6,13,1,2,-1,-100.0,6,6,0,0.0,15.2,30.4,1,2,3,0
654,4,11,24,1,1,0,0.0,11,11,0,0.0,15.2,15.2,1,1,1,0
655,4,10,21,1,1,0,0.0,10,10,0,0.0,15.2,15.2,1,1,3,0
656,4,15,34,3,1,2,66.66666666666666,15,15,0,0.0,45.599999999999994,15.2,3,1,4,0
657,4,12,25,1,1,0,0.0,12,12,0,0.0,15.2,15.2,1,1,2,0
658,4,6,12,1,0,1,100.0,6,6,0,0.0,15.2,0.0,1,0,1,0
659,4,9,17,1,1,0,0.0,9,8,-1,-11.11111111111111,15.2,15.2,1,1,4,1
660,4,9,17,1,2,-1,-100.0,9,8,-1,-11.11111111111111,15.2,30.4,1,2,4,1
661,4,13,28,2,1,1,50.0,13,12,-1,-7.6923076923076925,30.4,15.2,2,1,1,1
662,4,20,46,1,1,0,0.0,20,18,-2,-10.0,15.2,15.2,1,1,5,2
663,4,25,51,1,1,0,0.0,25,21,-4,-16.0,15.2,15.2,1,1,8,4
664,4,9,15,1,2,-1,-100.0,9,9,0,0.0,15.2,30.4,1,2,2,0
665,4,6,13,1,1,0,0.0,6,6,0,0.0,15.2,15.2,1,1,2,0
666,4,6,13,1,1,0,0.0,6,5,-1,-16.666666666666664,15.2,15.2,1,1,3,1
667,4,11,26,1,4,-3,-300.0,11,10,-1,-9.090909090909092,15.2,60.8,1,4,4,1
668,4,7,15,0,0,0,100.0,7,7,0,0.0,0.0,0.0,0,0,1,0
669,4,18,36,1,1,0,0.0,18,18,0,0.0,15.2,15.2,1,1,6,0
670,4,12,22,1,4,-3,-300.0,12,12,0,0.0,15.2,60.8,1,4,3,0
671,4,16,37,1,1,0,0.0,16,15,-1,-6.25,15.2,15.2,1,1,3,1
672,4,16,30,1,1,0,0.0,16,15,-1,-6.25,15.2,15.2,1,1,1,1
673,4,8,14,1,1,0,0.0,8,8,0,0.0,15.2,15.2,1,1,2,0
674,4,17,37,4,1,3,75.0,17,17,0,0.0,60.8,15.2,4,1,3,0
675,4,10,19,1,1,0,0.0,10,9,-1,-10.0,15.2,15.2,1,1,1,1
676,4,8,20,2,2,0,0.0,8,8,0,0.0,30.4,30.4,2,2,0,0
677,4,11,24,1,1,0,0.0,11,9,-2,-18.181818181818183,15.2,15.2,1,1,2,2
678,4,8,14,1,1,0,0.0,8,8,0,0.0,15.2,15.2,1,1,1,0
679,4,20,45,1,1,0,0.0,20,20,0,0.0,15.2,15.2,1,1,5,0
680,4,9,16,0,1,-1,0.0,9,8,-1,-11.11111111111111,0.0,15.2,0,1,4,1
681,4,13,34,2,1,1,50.0,13,13,0,0.0,30.4,15.2,2,1,2,0
682,4,13,24,1,1,0,0.0,13,12,-1,-7.6923076923076925,15.2,15.2,1,1,1,1
683,4,7,13,1,2,-1,-100.0,7,7,0,0.0,15.2,30.4,1,2,3,0
684,4,10,20,1,2,-1,-100.0,10,9,-1,-10.0,15.2,30.4,1,2,4,1
685,4,8,11,0,0,0,100.0,8,7,-1,-12.5,0.0,0.0,0,0,1,1
686,4,10,22,1,1,0,0.0,10,10,0,0.0,15.2,15.2,1,1,4,0
687,4,9,17,1,1,0,0.0,9,5,-4,-44.44444444444444,15.2,15.2,1,1,4,4
688,4,15,23,1,1,0,0.0,15,14,-1,-6.666666666666667,15.2,15.2,1,1,3,1
689,4,6,10,1,0,1,100.0,6,5,-1,-16.666666666666664,15.2,0.0,1,0,2,1
690,4,16,29,4,1,3,75.0,16,14,-2,-12.5,60.8,15.2,4,1,2,2
691,4,18,36,1,1,0,0.0,18,17,-1,-5.555555555555555,15.2,15.2,1,1,5,1
692,4,9,18,3,2,1,33.33333333333333,9,8,-1,-11.11111111111111,45.599999999999994,30.4,3,2,3,1
693,4,13,24,3,1,2,66.66666666666666,13,10,-3,-23.076923076923077,45.599999999999994,15.2,3,1,3,3
694,4,7,15,1,1,0,0.0,7,7,0,0.0,15.2,15.2,1,1,2,0
695,4,10,21,1,1,0,0.0,10,8,-2,-20.0,15.2,15.2,1,1,3,2
696,4,4,7,0,0,0,100.0,4,3,-1,-25.0,0.0,0.0,0,0,1,1
697,4,7,13,1,1,0,0.0,7,6,-1,-14.285714285714285,15.2,15.2,1,1,1,1
698,4,14,28,1,1,0,0.0,14,12,-2,-14.285714285714285,15.2,15.2,1,1,5,2
699,4,15,37,1,1,0,0.0,15,14,-1,-6.666666666666667,15.2,15.2,1,1,3,1
700,5,13,28,4,1,3,75.0,13,12,-1,-7.6923076923076925,60.8,15.2,4,1,3,1
701,5,22,38,3,5,-2,-66.66666666666666,22,22,0,0.0,45.599999999999994,76.0,3,5,10,0
702,5,31,56,4,7,-3,-75.0,31,28,-3,-9.67741935483871,60.8,106.39999999999999,4,7,5,3
703,5,20,39,1,6,-5,-500.0,20,18,-2,-10.0,15.2,91.19999999999999,1,6,3,2
704,5,22,43,6,1,5,83.33333333333334,22,19,-3,-13.636363636363635,91.19999999999999,15.2,6,1,6,3
705,5,25,49,1,1,0,0.0,25,23,-2,-8.0,15.2,15.2,1,1,5,2
706,5,14,26,5,3,2,40.0,14,14,0,0.0,76.0,45.599999999999994,5,3,5,0
707,5,7,11,1,1,0,0.0,7,6,-1,-14.285714285714285,15.2,15.2,1,1,4,1
708,5,21,44,5,4,1,20.0,21,21,0,0.0,76.0,60.8,5,4,2,0
709,5,6,9,0,1,-1,0.0,6,6,0,0.0,0.0,15.2,0,1,3,0
710,5,21,52,1,1,0,0.0,21,21,0,0.0,15.2,15.2,1,1,3,0
711,5,17,33,2,1,1,50.0,17,17,0,0.0,30.4,15.2,2,1,5,0
712,5,8,12,1,1,0,0.0,8,7,-1,-12.5,15.2,15.2,1,1,2,1
713,5,20,42,2,3,-1,-50.0,20,19,-1,-5.0,30.4,45.599999999999994,2,3,5,1
714,5,12,20,1,2,-1,-100.0,12,11,-1,-8.333333333333332,15.2,30.4,1,2,3,1
715,5,16,31,1,1,0,0.0,16,14,-2,-12.5,15.2,15.2,1,1,6,2
716,5,17,36,3,2,1,33.33333333333333,17,16,-1,-5.88235294117647,45.599999999999994,30.4,3,2,2,1
717,5,23,49,4,1,3,75.0,23,22,-1,-4.3478260869565215,60.8,15.2,4,1,6,1
718,5,17,30,4,3,1,25.0,17,16,-1,-5.88235294117647,60.8,45.599999999999994,4,3,7,1
719,5,27,57,1,1,0,0.0,27,27,0,0.0,15.2,15.2,1,1,6,0
720,5,15,32,5,2,3,60.0,15,15,0,0.0,76.0,30.4,5,2,6,0
721,5,17,33,1,4,-3,-300.0,17,16,-1,-5.88235294117647,15.2,60.8,1,4,5,1
722,5,27,59,1,1,0,0.0,27,25,-2,-7.4074074074074066,15.2,15.2,1,1,1,2
723,5,9,14,1,2,-1,-100.0,9,9,0,0.0,15.2,30.4,1,2,2,0
724,5,16,29,2,3,-1,-50.0,16,15,-1,-6.25,30.4,45.599999999999994,2,3,3,1
725,5,14,29,1,1,0,0.0,14,14,0,0.0,15.2,15.2,1,1,6,0
726,5,13,25,2,3,-1,-50.0,13,13,0,0.0,30.4,45.599999999999994,2,3,4,0
727,5,21,43,1,5,-4,-400.0,21,19,-2,-9.523809523809524,15.2,76.0,1,5,6,2
728,5,9,19,1,1,0,0.0,9,9,0,0.0,15.2,15.2,1,1,5,0
729,5,11,25,2,2,0,0.0,11,11,0,0.0,30.4,30.4,2,2,0,0
730,5,26,47,5,1,4,80.0,26,23,-3,-11.538461538461538,76.0,15.2,5,1,6,3
731,5,36,73,1,1,0,0.0,36,34,-2,-5.555555555555555,15.2,15.2,1,1,12,2
732,5,36,76,5,1,4,80.0,36,36,0,0.0,76.0,15.2,5,1,11,0
733,5,20,43,4,4,0,0.0,20,19,-1,-5.0,60.8,60.8,4,4,5,1
734,5,21,45,1,1,0,0.0,21,19,-2,-9.523809523809524,15.2,15.2,1,1,5,2
735,5,8,11,1,1,0,0.0,8,8,0,0.0,15.2,15.2,1,1,1,0
736,5,23,47,1,1,0,0.0,23,22,-1,-4.3478260869565215,15.2,15.2,1,1,6,1
737,5,13,27,1,1,0,0.0,13,12,-1,-7.6923076923076925,15.2,15.2,1,1,3,1
738,5,18,33,2,2,0,0.0,18,17,-1,-5.555555555555555,30.4,30.4,2,2,1,1
739,5,15,27,1,2,-1,-100.0,15,15,0,0.0,15.2,30.4,1,2,4,0
740,5,6,12,1,1,0,0.0,6,5,-1,-16.666666666666664,15.2,15.2,1,1,0,1
741,5,18,34,5,1,4,80.0,18,17,-1,-5.555555555555555,76.0,15.2,5,1,3,1
742,5,12,25,2,1,1,50.0,12,11,-1,-8.333333333333332,30.4,15.2,2,1,3,1
743,5,24,50,1,1,0,0.0,24,23,-1,-4.166666666666666,15.2,15.2,1,1,3,1
744,5,27,49,3,1,2,66.66666666666666,27,26,-1,-3.7037037037037033,45.599999999999994,15.2,3,1,5,1
745,5,16,35,3,3,0,0.0,16,16,0,0.0,45.599999999999994,45.599999999999994,3,3,4,0
746,5,14,33,2,1,1,50.0,14,11,-3,-21.428571428571427,30.4,15.2,2,1,8,3
747,5,5,7,2,1,1,50.0,5,5,0,0.0,30.4,15.2,2,1,1,0
748,5,32,70,5,5,0,0.0,32,29,-3,-9.375,76.0,76.0,5,5,6,3
749,5,19,40,1,1,0,0.0,19,17,-2,-10.526315789473683,15.2,15.2,1,1,3,2
750,5,23,47,1,1,0,0.0,23,21,-2,-8.695652173913043,15.2,15.2,1,1,7,2
751,5,15,33,1,4,-3,-300.0,15,15,0,0.0,15.2,60.8,1,4,5,0
752,5,12,27,1,3,-2,-200.0,12,12,0,0.0,15.2,45.599999999999994,1,3,1,0
753,5,42,94,1,3,-2,-200.0,42,38,-4,-9.523809523809524,15.2,45.599999999999994,1,3,8,4
754,5,23,44,1,1,0,0.0,23,22,-1,-4.3478260869565215,15.2,15.2,1,1,5,1
755,5,22,42,1,1,0,0.0,22,22,0,0.0,15.2,15.2,1,1,4,0
756,5,23,56,1,1,0,0.0,23,23,0,0.0,15.2,15.2,1,1,7,0
757,5,24,53,1,1,0,0.0,24,24,0,0.0,15.2,15.2,1,1,9,0
758,5,13,25,1,1,0,0.0,13,13,0,0.0,15.2,15.2,1,1,1,0
759,5,24,46,1,1,0,0.0,24,22,-2,-8.333333333333332,15.2,15.2,1,1,10,2
760,5,5,8,2,0,2,100.0,5,5,0,0.0,30.4,0.0,2,0,1,0
761,5,9,15,2,1,1,50.0,9,8,-1,-11.11111111111111,30.4,15.2,2,1,2,1
762,5,11,18,1,1,0,0.0,11,10,-1,-9.090909090909092,15.2,15.2,1,1,2,1
763,5,19,37,3,1,2,66.66666666666666,19,16,-3,-15.789473684210526,45.599999999999994,15.2,3,1,4,3
764,5,17,35,3,3,0,0.0,17,17,0,0.0,45.599999999999994,45.599999999999994,3,3,2,0
765,5,32,69,1,2,-1,-100.0,32,30,-2,-6.25,15.2,30.4,1,2,6,2
766,5,23,49,4,1,3,75.0,23,21,-2,-8.695652173913043,60.8,15.2,4,1,7,2
767,5,22,48,3,3,0,0.0,22,21,-1,-4.545454545454546,45.599999999999994,45.599999999999994,3,3,5,1
768,5,21,47,1,1,0,0.0,21,19,-2,-9.523809523809524,15.2,15.2,1,1,4,2
769,5,16,31,3,1,2,66.66666666666666,16,15,-1,-6.25,45.599999999999994,15.2,3,1,6,1
770,5,29,58,6,8,-2,-33.33333333333333,29,28,-1,-3.4482758620689653,91.19999999999999,121.6,6,8,4,1
771,5,13,26,2,2,0,0.0,13,12,-1,-7.6923076923076925,30.4,30.4,2,2,2,1
772,5,13,25,1,2,-1,-100.0,13,13,0,0.0,15.2,30.4,1,2,2,0
773,5,22,43,1,1,0,0.0,22,22,0,0.0,15.2,15.2,1,1,7,0
774,5,31,66,1,1,0,0.0,31,29,-2,-6.451612903225806,15.2,15.2,1,1,7,2
775,5,18,40,3,6,-3,-100.0,18,18,0,0.0,45.599999999999994,91.19999999999999,3,6,2,0
776,5,27,58,1,1,0,0.0,27,24,-3,-11.11111111111111,15.2,15.2,1,1,7,3
777,5,29,66,6,3,3,50.0,29,29,0,0.0,91.19999999999999,45.599999999999994,6,3,6,0
778,5,22,45,4,1,3,75.0,22,20,-2,-9.090909090909092,60.8,15.2,4,1,7,2
779,5,18,40,1,1,0,0.0,18,18,0,0.0,15.2,15.2,1,1,8,0
780,5,27,52,4,1,3,75.0,27,27,0,0.0,60.8,15.2,4,1,6,0
781,5,29,60,4,1,3,75.0,29,28,-1,-3.4482758620689653,60.8,15.2,4,1,9,1
782,5,15,31,1,2,-1,-100.0,15,15,0,0.0,15.2,30.4,1,2,6,0
783,5,10,19,1,1,0,0.0,10,9,-1,-10.0,15.2,15.2,1,1,3,1
784,5,29,58,4,1,3,75.0,29,28,-1,-3.4482758620689653,60.8,15.2,4,1,10,1
785,5,9,18,1,1,0,0.0,9,9,0,0.0,15.2,15.2,1,1,3,0
786,5,12,25,1,1,0,0.0,12,12,0,0.0,15.2,15.2,1,1,1,0
787,5,13,23,2,3,-1,-50.0,13,13,0,0.0,30.4,45.599999999999994,2,3,3,0
788,5,10,21,1,1,0,0.0,10,10,0,0.0,15.2,15.2,1,1,3,0
789,5,24,52,1,1,0,0.0,24,21,-3,-12.5,15.2,15.2,1,1,9,3
790,5,15,28,2,4,-2,-100.0,15,13,-2,-13.333333333333334,30.4,60.8,2,4,4,2
791,5,24,53,1,5,-4,-400.0,24,23,-1,-4.166666666666666,15.2,76.0,1,5,5,1
792,5,22,48,1,6,-5,-500.0,22,21,-1,-4.545454545454546,15.2,91.19999999999999,1,6,3,1
793,5,9,17,1,1,0,0.0,9,9,0,0.0,15.2,15.2,1,1,0,0
794,5,14,22,1,1,0,0.0,14,13,-1,-7.142857142857142,15.2,15.2,1,1,3,1
795,5,29,63,1,1,0,0.0,29,28,-1,-3.4482758620689653,15.2,15.2,1,1,5,1
796,5,24,59,1,1,0,0.0,24,24,0,0.0,15.2,15.2,1,1,9,0
797,5,19,40,1,2,-1,-100.0,19,19,0,0.0,15.2,30.4,1,2,6,0
798,5,41,86,1,1,0,0.0,41,40,-1,-2.4390243902439024,15.2,15.2,1,1,8,1
799,5,26,55,3,1,2,66.66666666666666,26,25,-1,-3.8461538461538463,45.599999999999994,15.2,3,1,6,1
800,5,32,72,7,1,6,85.71428571428571,32,30,-2,-6.25,106.39999999999999,15.2,7,1,11,2
801,5,42,85,1,1,0,0.0,42,40,-2,-4.761904761904762,15.2,15.2,1,1,14,2
802,5,11,24,2,1,1,50.0,11,11,0,0.0,30.4,15.2,2,1,1,0
803,5,36,80,8,1,7,87.5,36,34,-2,-5.555555555555555,121.6,15.2,8,1,10,2
804,5,6,12,1,1,0,0.0,6,6,0,0.0,15.2,15.2,1,1,1,0
805,5,15,28,5,2,3,60.0,15,14,-1,-6.666666666666667,76.0,30.4,5,2,4,1
806,5,6,15,1,1,0,0.0,6,6,0,0.0,15.2,15.2,1,1,1,0
807,5,14,29,3,3,0,0.0,14,14,0,0.0,45.599999999999994,45.599999999999994,3,3,3,0
808,5,17,35,3,1,2,66.66666666666666,17,15,-2,-11.76470588235294,45.599999999999994,15.2,3,1,5,2
809,5,11,21,1,4,-3,-300.0,11,11,0,0.0,15.2,60.8,1,4,2,0
810,5,34,68,1,1,0,0.0,34,31,-3,-8.823529411764707,15.2,15.2,1,1,12,3
811,5,27,61,5,3,2,40.0,27,26,-1,-3.7037037037037033,76.0,45.599999999999994,5,3,6,1
812,5,21,40,1,1,0,0.0,21,19,-2,-9.523809523809524,15.2,15.2,1,1,5,2
813,5,6,10,0,0,0,100.0,6,5,-1,-16.666666666666664,0.0,0.0,0,0,3,1
814,5,15,32,1,2,-1,-100.0,15,15,0,0.0,15.2,30.4,1,2,2,0
815,5,13,23,1,3,-2,-200.0,13,12,-1,-7.6923076923076925,15.2,45.599999999999994,1,3,7,1
816,5,41,85,1,8,-7,-700.0,41,37,-4,-9.75609756097561,15.2,121.6,1,8,11,4
817,5,21,42,5,1,4,80.0,21,20,-1,-4.761904761904762,76.0,15.2,5,1,8,1
818,5,26,57,1,1,0,0.0,26,24,-2,-7.6923076923076925,15.2,15.2,1,1,12,2
819,5,22,46,4,4,0,0.0,22,21,-1,-4.545454545454546,60.8,60.8,4,4,6,1
820,5,18,40,2,1,1,50.0,18,18,0,0.0,30.4,15.2,2,1,6,0
821,5,31,53,1,1,0,0.0,31,29,-2,-6.451612903225806,15.2,15.2,1,1,8,2
822,5,44,81,5,6,-1,-20.0,44,42,-2,-4.545454545454546,76.0,91.19999999999999,5,6,14,2
823,5,15,36,1,1,0,0.0,15,13,-2,-13.333333333333334,15.2,15.2,1,1,5,2
824,5,27,59,1,1,0,0.0,27,26,-1,-3.7037037037037033,15.2,15.2,1,1,7,1
825,5,28,53,1,1,0,0.0,28,25,-3,-10.714285714285714,15.2,15.2,1,1,6,3
826,5,15,32,3,1,2,66.66666666666666,15,14,-1,-6.666666666666667,45.599999999999994,15.2,3,1,4,1
827,5,36,79,1,1,0,0.0,36,34,-2,-5.555555555555555,15.2,15.2,1,1,16,2
828,5,11,26,1,1,0,0.0,11,10,-1,-9.090909090909092,15.2,15.2,1,1,1,1
829,5,12,22,1,1,0,0.0,12,12,0,0.0,15.2,15.2,1,1,1,0
830,5,33,69,1,3,-2,-200.0,33,31,-2,-6.0606060606060606,15.2,45.599999999999994,1,3,9,2
831,5,23,49,1,2,-1,-100.0,23,21,-2,-8.695652173913043,15.2,30.4,1,2,7,2
832,5,18,35,4,1,3,75.0,18,17,-1,-5.555555555555555,60.8,15.2,4,1,4,1
833,5,21,40,1,1,0,0.0,21,21,0,0.0,15.2,15.2,1,1,6,0
834,5,37,76,1,1,0,0.0,37,33,-4,-10.81081081081081,15.2,15.2,1,1,7,4
835,5,17,36,4,2,2,50.0,17,17,0,0.0,60.8,30.4,4,2,5,0
836,5,13,32,1,1,0,0.0,13,13,0,0.0,15.2,15.2,1,1,4,0
837,5,40,77,6,1,5,83.33333333333334,40,37,-3,-7.5,91.19999999999999,15.2,6,1,16,3
838,5,22,48,1,1,0,0.0,22,21,-1,-4.545454545454546,15.2,15.2,1,1,6,1
839,5,13,29,3,1,2,66.66666666666666,13,12,-1,-7.6923076923076925,45.599999999999994,15.2,3,1,4,1
840,5,29,61,8,1,7,87.5,29,24,-5,-17.24137931034483,121.6,15.2,8,1,6,5
841,5,27,62,1,1,0,0.0,27,26,-1,-3.7037037037037033,15.2,15.2,1,1,3,1
842,5,22,45,4,4,0,0.0,22,21,-1,-4.545454545454546,60.8,60.8,4,4,7,1
843,5,18,36,4,1,3,75.0,18,18,0,0.0,60.8,15.2,4,1,6,0
844,5,24,50,2,2,0,0.0,24,24,0,0.0,30.4,30.4,2,2,4,0
845,5,18,34,1,1,0,0.0,18,16,-2,-11.11111111111111,15.2,15.2,1,1,3,2
846,5,14,29,2,1,1,50.0,14,12,-2,-14.285714285714285,30.4,15.2,2,1,6,2
847,5,31,71,1,1,0,0.0,31,30,-1,-3.225806451612903,15.2,15.2,1,1,7,1
848,5,17,37,2,1,1,50.0,17,17,0,0.0,30.4,15.2,2,1,3,0
849,5,31,55,5,1,4,80.0,31,31,0,0.0,76.0,15.2,5,1,9,0
850,5,10,25,2,2,0,0.0,10,10,0,0.0,30.4,30.4,2,2,1,0
851,5,46,100,1,1,0,0.0,46,43,-3,-6.521739130434782,15.2,15.2,1,1,13,3
852,5,28,58,1,1,0,0.0,28,26,-2,-7.142857142857142,15.2,15.2,1,1,6,2
853,5,17,31,1,4,-3,-300.0,17,15,-2,-11.76470588235294,15.2,60.8,1,4,3,2
854,5,21,42,4,3,1,25.0,21,19,-2,-9.523809523809524,60.8,45.599999999999994,4,3,4,2
855,5,18,35,1,1,0,0.0,18,15,-3,-16.666666666666664,15.2,15.2,1,1,3,3
856,5,18,38,1,1,0,0.0,18,18,0,0.0,15.2,15.2,1,1,3,0
857,5,17,37,1,2,-1,-100.0,17,17,0,0.0,15.2,30.4,1,2,2,0
858,5,19,43,1,1,0,0.0,19,17,-2,-10.526315789473683,15.2,15.2,1,1,5,2
859,5,20,41,5,5,0,0.0,20,19,-1,-5.0,76.0,76.0,5,5,6,1
860,5,15,27,2,2,0,0.0,15,15,0,0.0,30.4,30.4,2,2,4,0
861,5,13,27,2,2,0,0.0,13,13,0,0.0,30.4,30.4,2,2,2,0
862,5,19,33,1,1,0,0.0,19,18,-1,-5.263157894736842,15.2,15.2,1,1,2,1
863,5,26,59,1,1,0,0.0,26,23,-3,-11.538461538461538,15.2,15.2,1,1,7,3
864,5,13,28,1,4,-3,-300.0,13,13,0,0.0,15.2,60.8,1,4,1,0
865,5,12,26,1,1,0,0.0,12,12,0,0.0,15.2,15.2,1,1,5,0
866,5,25,49,4,1,3,75.0,25,25,0,0.0,60.8,15.2,4,1,7,0
867,5,27,56,1,1,0,0.0,27,25,-2,-7.4074074074074066,15.2,15.2,1,1,5,2
868,5,17,28,1,1,0,0.0,17,14,-3,-17.647058823529413,15.2,15.2,1,1,8,3
869,5,21,51,1,1,0,0.0,21,20,-1,-4.761904761904762,15.2,15.2,1,1,7,1
870,5,20,45,2,2,0,0.0,20,18,-2,-10.0,30.4,30.4,2,2,4,2
871,5,41,89,1,1,0,0.0,41,38,-3,-7.317073170731707,15.2,15.2,1,1,11,3
872,5,20,40,2,1,1,50.0,20,20,0,0.0,30.4,15.2,2,1,3,0
873,5,35,70,1,1,0,0.0,35,32,-3,-8.571428571428571,15.2,15.2,1,1,9,3
874,5,25,58,3,4,-1,-33.33333333333333,25,24,-1,-4.0,45.599999999999994,60.8,3,4,7,1
875,5,11,19,1,1,0,0.0,11,10,-1,-9.090909090909092,15.2,15.2,1,1,3,1
876,5,12,20,1,1,0,0.0,12,9,-3,-25.0,15.2,15.2,1,1,4,3
877,5,17,35,1,1,0,0.0,17,16,-1,-5.88235294117647,15.2,15.2,1,1,11,1
878,5,24,54,1,1,0,0.0,24,23,-1,-4.166666666666666,15.2,15.2,1,1,7,1
879,5,22,43,1,4,-3,-300.0,22,19,-3,-13.636363636363635,15.2,60.8,1,4,6,3
880,5,30,61,1,1,0,0.0,30,27,-3,-10.0,15.2,15.2,1,1,11,3
881,5,31,71,1,1,0,0.0,31,30,-1,-3.225806451612903,15.2,15.2,1,1,7,1
882,5,22,46,3,2,1,33.33333333333333,22,20,-2,-9.090909090909092,45.599999999999994,30.4,3,2,6,2
883,5,20,42,1,1,0,0.0,20,18,-2,-10.0,15.2,15.2,1,1,8,2
884,5,12,21,3,2,1,33.33333333333333,12,10,-2,-16.666666666666664,45.599999999999994,30.4,3,2,4,2
885,5,25,55,1,1,0,0.0,25,25,0,0.0,15.2,15.2,1,1,3,0
886,5,9,18,1,1,0,0.0,9,9,0,0.0,15.2,15.2,1,1,5,0
887,5,16,32,1,1,0,0.0,16,16,0,0.0,15.2,15.2,1,1,4,0
888,5,28,58,6,3,3,50.0,28,26,-2,-7.142857142857142,91.19999999999999,45.599999999999994,6,3,7,2
889,5,26,54,4,3,1,25.0,26,25,-1,-3.8461538461538463,60.8,45.599999999999994,4,3,8,1
890,5,14,29,1,3,-2,-200.0,14,14,0,0.0,15.2,45.599999999999994,1,3,4,0
891,5,30,67,5,1,4,80.0,30,28,-2,-6.666666666666667,76.0,15.2,5,1,6,2
892,5,27,54,5,1,4,80.0,27,27,0,0.0,76.0,15.2,5,1,8,0
893,5,19,41,5,2,3,60.0,19,18,-1,-5.263157894736842,76.0,30.4,5,2,4,1
894,5,12,25,1,1,0,0.0,12,11,-1,-8.333333333333332,15.2,15.2,1,1,3,1
895,5,13,28,3,3,0,0.0,13,11,-2,-15.384615384615385,45.599999999999994,45.599999999999994,3,3,4,2
896,5,15,35,1,1,0,0.0,15,14,-1,-6.666666666666667,15.2,15.2,1,1,5,1
897,5,5,10,0,0,0,100.0,5,4,-1,-20.0,0.0,0.0,0,0,0,1
898,5,14,31,2,3,-1,-50.0,14,14,0,0.0,30.4,45.599999999999994,2,3,3,0
899,5,15,29,1,1,0,0.0,15,14,-1,-6.666666666666667,15.2,15.2,1,1,3,1
900,5,21,40,4,6,-2,-50.0,21,21,0,0.0,60.8,91.19999999999999,4,6,6,0
901,5,12,28,1,2,-1,-100.0,12,11,-1,-8.333333333333332,15.2,30.4,1,2,2,1
902,5,6,9,0,1,-1,0.0,6,6,0,0.0,0.0,15.2,0,1,1,0
903,5,8,19,1,1,0,0.0,8,8,0,0.0,15.2,15.2,1,1,2,0
904,5,14,27,2,1,1,50.0,14,13,-1,-7.142857142857142,30.4,15.2,2,1,5,1
905,5,38,81,1,1,0,0.0,38,38,0,0.0,15.2,15.2,1,1,6,0
906,5,10,18,2,2,0,0.0,10,10,0,0.0,30.4,30.4,2,2,1,0
907,5,13,28,1,1,0,0.0,13,13,0,0.0,15.2,15.2,1,1,0,0
908,5,12,21,2,2,0,0.0,12,12,0,0.0,30.4,30.4,2,2,1,0
909,5,28,61,1,1,0,0.0,28,25,-3,-10.714285714285714,15.2,15.2,1,1,7,3
910,5,24,45,7,4,3,42.857142857142854,24,23,-1,-4.166666666666666,106.39999999999999,60.8,7,4,6,1
911,5,14,25,1,1,0,0.0,14,13,-1,-7.142857142857142,15.2,15.2,1,1,4,1
912,5,25,48,1,1,0,0.0,25,24,-1,-4.0,15.2,15.2,1,1,7,1
913,5,31,61,4,1,3,75.0,31,29,-2,-6.451612903225806,60.8,15.2,4,1,8,2
914,5,25,44,1,3,-2,-200.0,25,24,-1,-4.0,15.2,45.599999999999994,1,3,9,1
915,5,18,37,6,1,5,83.33333333333334,18,18,0,0.0,91.19999999999999,15.2,6,1,4,0
916,5,14,31,2,1,1,50.0,14,14,0,0.0,30.4,15.2,2,1,4,0
917,5,23,49,1,1,0,0.0,23,22,-1,-4.3478260869565215,15.2,15.2,1,1,3,1
918,5,14,28,2,2,0,0.0,14,13,-1,-7.142857142857142,30.4,30.4,2,2,3,1
919,5,19,42,1,1,0,0.0,19,19,0,0.0,15.2,15.2,1,1,3,0
920,5,6,12,1,1,0,0.0,6,6,0,0.0,15.2,15.2,1,1,1,0
921,5,27,52,1,2,-1,-100.0,27,25,-2,-7.4074074074074066,15.2,30.4,1,2,9,2
922,5,21,48,1,1,0,0.0,21,20,-1,-4.761904761904762,15.2,15.2,1,1,7,1
923,5,34,67,1,1,0,0.0,34,32,-2,-5.88235294117647,15.2,15.2,1,1,9,2
924,5,15,32,1,1,0,0.0,15,15,0,0.0,15.2,15.2,1,1,1,0
925,5,16,29,2,1,1,50.0,16,16,0,0.0,30.4,15.2,2,1,4,0
926,5,12,28,2,1,1,50.0,12,11,-1,-8.333333333333332,30.4,15.2,2,1,5,1
927,5,15,28,1,3,-2,-200.0,15,13,-2,-13.333333333333334,15.2,45.599999999999994,1,3,4,2
928,5,21,45,1,1,0,0.0,21,19,-2,-9.523809523809524,15.2,15.2,1,1,3,2
929,5,31,64,10,1,9,90.0,31,31,0,0.0,152.0,15.2,10,1,6,0
930,5,25,48,4,2,2,50.0,25,25,0,0.0,60.8,30.4,4,2,8,0
931,5,17,41,1,1,0,0.0,17,17,0,0.0,15.2,15.2,1,1,5,0
932,5,26,54,1,4,-3,-300.0,26,25,-1,-3.8461538461538463,15.2,60.8,1,4,8,1
933,5,10,20,1,2,-1,-100.0,10,10,0,0.0,15.2,30.4,1,2,3,0
934,5,13,29,1,1,0,0.0,13,13,0,0.0,15.2,15.2,1,1,3,0
935,5,21,44,1,1,0,0.0,21,20,-1,-4.761904761904762,15.2,15.2,1,1,4,1
936,5,22,44,1,1,0,0.0,22,21,-1,-4.545454545454546,15.2,15.2,1,1,1,1
937,5,22,42,1,1,0,0.0,22,22,0,0.0,15.2,15.2,1,1,11,0
938,5,13,27,5,1,4,80.0,13,13,0,0.0,76.0,15.2,5,1,6,0
939,5,18,41,1,1,0,0.0,18,17,-1,-5.555555555555555,15.2,15.2,1,1,7,1
940,5,14,31,1,1,0,0.0,14,14,0,0.0,15.2,15.2,1,1,2,0
941,5,31,66,1,1,0,0.0,31,30,-1,-3.225806451612903,15.2,15.2,1,1,10,1
942,5,16,29,2,2,0,0.0,16,14,-2,-12.5,30.4,30.4,2,2,1,2
943,5,23,42,1,4,-3,-300.0,23,21,-2,-8.695652173913043,15.2,60.8,1,4,3,2
944,5,26,50,1,1,0,0.0,26,24,-2,-7.6923076923076925,15.2,15.2,1,1,7,2
945,5,16,33,3,1,2,66.66666666666666,16,16,0,0.0,45.599999999999994,15.2,3,1,6,0
946,5,28,53,1,1,0,0.0,28,27,-1,-3.571428571428571,15.2,15.2,1,1,6,1
947,5,15,28,1,2,-1,-100.0,15,13,-2,-13.333333333333334,15.2,30.4,1,2,3,2
948,5,20,43,5,1,4,80.0,20,19,-1,-5.0,76.0,15.2,5,1,3,1
949,5,21,46,5,6,-1,-20.0,21,21,0,0.0,76.0,91.19999999999999,5,6,1,0
950,5,33,64,1,4,-3,-300.0,33,33,0,0.0,15.2,60.8,1,4,9,0
951,5,25,57,1,1,0,0.0,25,25,0,0.0,15.2,15.2,1,1,5,0
952,5,32,62,6,1,5,83.33333333333334,32,29,-3,-9.375,91.19999999999999,15.2,6,1,9,3
953,5,37,74,3,3,0,0.0,37,37,0,0.0,45.599999999999994,45.599999999999994,3,3,8,0
954,5,21,44,1,1,0,0.0,21,21,0,0.0,15.2,15.2,1,1,7,0
955,5,25,54,5,4,1,20.0,25,23,-2,-8.0,76.0,60.8,5,4,3,2
956,5,13,26,1,1,0,0.0,13,13,0,0.0,15.2,15.2,1,1,4,0
957,5,12,20,2,2,0,0.0,12,12,0,0.0,30.4,30.4,2,2,0,0
958,5,7,12,1,0,1,100.0,7,7,0,0.0,15.2,0.0,1,0,1,0
959,5,35,73,1,1,0,0.0,35,33,-2,-5.714285714285714,15.2,15.2,1,1,5,2
960,5,10,20,1,1,0,0.0,10,9,-1,-10.0,15.2,15.2,1,1,3,1
961,5,19,40,6,2,4,66.66666666666666,19,16,-3,-15.789473684210526,91.19999999999999,30.4,6,2,5,3
962,5,20,41,4,3,1,25.0,20,19,-1,-5.0,60.8,45.599999999999994,4,3,6,1
963,5,18,34,1,1,0,0.0,18,18,0,0.0,15.2,15.2,1,1,4,0
964,5,17,31,2,3,-1,-50.0,17,15,-2,-11.76470588235294,30.4,45.599999999999994,2,3,4,2
965,5,30,72,1,1,0,0.0,30,29,-1,-3.3333333333333335,15.2,15.2,1,1,5,1
966,5,23,50,1,1,0,0.0,23,22,-1,-4.3478260869565215,15.2,15.2,1,1,14,1
967,5,37,80,7,1,6,85.71428571428571,37,37,0,0.0,106.39999999999999,15.2,7,1,8,0
968,5,23,46,1,1,0,0.0,23,22,-1,-4.3478260869565215,15.2,15.2,1,1,6,1
969,5,15,33,1,1,0,0.0,15,14,-1,-6.666666666666667,15.2,15.2,1,1,0,1
970,5,31,67,4,1,3,75.0,31,30,-1,-3.225806451612903,60.8,15.2,4,1,5,1
971,5,16,29,2,2,0,0.0,16,16,0,0.0,30.4,30.4,2,2,3,0
972,5,19,39,1,1,0,0.0,19,18,-1,-5.263157894736842,15.2,15.2,1,1,7,1
973,5,22,44,1,1,0,0.0,22,20,-2,-9.090909090909092,15.2,15.2,1,1,4,2
974,5,21,46,1,1,0,0.0,21,21,0,0.0,15.2,15.2,1,1,6,0
975,5,28,56,1,1,0,0.0,28,24,-4,-14.285714285714285,15.2,15.2,1,1,7,4
976,5,13,26,1,1,0,0.0,13,12,-1,-7.6923076923076925,15.2,15.2,1,1,7,1
977,5,33,74,1,1,0,0.0,33,30,-3,-9.090909090909092,15.2,15.2,1,1,11,3
978,5,25,53,3,2,1,33.33333333333333,25,25,0,0.0,45.599999999999994,30.4,3,2,3,0
979,5,23,48,4,4,0,0.0,23,22,-1,-4.3478260869565215,60.8,60.8,4,4,5,1
980,5,11,20,1,1,0,0.0,11,11,0,0.0,15.2,15.2,1,1,2,0
981,5,24,49,1,1,0,0.0,24,24,0,0.0,15.2,15.2,1,1,7,0
982,5,23,42,1,2,-1,-100.0,23,19,-4,-17.391304347826086,15.2,30.4,1,2,6,4
983,5,27,49,3,1,2,66.66666666666666,27,26,-1,-3.7037037037037033,45.599999999999994,15.2,3,1,9,1
984,5,22,50,1,1,0,0.0,22,21,-1,-4.545454545454546,15.2,15.2,1,1,4,1
985,5,7,13,0,0,0,100.0,7,6,-1,-14.285714285714285,0.0,0.0,0,0,1,1
986,5,26,52,1,1,0,0.0,26,24,-2,-7.6923076923076925,15.2,15.2,1,1,9,2
987,5,22,48,5,1,4,80.0,22,21,-1,-4.545454545454546,76.0,15.2,5,1,3,1
988,5,20,39,6,1,5,83.33333333333334,20,20,0,0.0,91.19999999999999,15.2,6,1,5,0
989,5,29,65,4,2,2,50.0,29,28,-1,-3.4482758620689653,60.8,30.4,4,2,5,1
990,5,14,26,1,2,-1,-100.0,14,14,0,0.0,15.2,30.4,1,2,2,0
991,5,26,55,6,1,5,83.33333333333334,26,22,-4,-15.384615384615385,91.19999999999999,15.2,6,1,5,4
992,5,34,67,1,1,0,0.0,34,30,-4,-11.76470588235294,15.2,15.2,1,1,13,4
993,5,8,13,0,1,-1,0.0,8,7,-1,-12.5,0.0,15.2,0,1,2,1
994,5,26,57,1,1,0,0.0,26,25,-1,-3.8461538461538463,15.2,15.2,1,1,11,1
995,5,19,40,1,1,0,0.0,19,19,0,0.0,15.2,15.2,1,1,4,0
996,5,18,33,1,1,0,0.0,18,16,-2,-11.11111111111111,15.2,15.2,1,1,8,2
997,5,18,33,2,2,0,0.0,18,18,0,0.0,30.4,30.4,2,2,3,0
998,5,12,21,2,1,1,50.0,12,11,-1,-8.333333333333332,30.4,15.2,2,1,3,1
999,5,9,17,1,1,0,0.0,9,9,0,0.0,15.2,15.2,1,1,1,0
1000,6,25,55,1,1,0,0.0,25,24,-1,-4.0,15.2,15.2,1,1,7,1
1001,6,44,96,2,2,0,0.0,44,43,-1,-2.272727272727273,30.4,30.4,2,2,11,1
1002,6,44,80,8,1,7,87.5,44,42,-2,-4.545454545454546,121.6,15.2,8,1,8,2
1003,6,31,59,4,1,3,75.0,31,30,-1,-3.225806451612903,60.8,15.2,4,1,8,1
1004,6,17,30,5,1,4,80.0,17,16,-1,-5.88235294117647,76.0,15.2,5,1,3,1
1005,6,41,82,6,8,-2,-33.33333333333333,41,39,-2,-4.878048780487805,91.19999999999999,121.6,6,8,5,2
1006,6,43,87,1,8,-7,-700.0,43,41,-2,-4.651162790697675,15.2,121.6,1,8,5,2
1007,6,31,61,1,1,0,0.0,31,29,-2,-6.451612903225806,15.2,15.2,1,1,10,2
1008,6,24,48,2,1,1,50.0,24,22,-2,-8.333333333333332,30.4,15.2,2,1,5,2
1009,6,69,143,1,1,0,0.0,69,68,-1,-1.4492753623188406,15.2,15.2,1,1,17,1
1010,6,33,71,1,1,0,0.0,33,30,-3,-9.090909090909092,15.2,15.2,1,1,6,3
1011,6,18,36,1,1,0,0.0,18,16,-2,-11.11111111111111,15.2,15.2,1,1,6,2
1012,6,39,82,2,3,-1,-50.0,39,36,-3,-7.6923076923076925,30.4,45.599999999999994,2,3,9,3
1013,6,16,32,4,3,1,25.0,16,15,-1,-6.25,60.8,45.599999999999994,4,3,3,1
1014,6,20,40,1,2,-1,-100.0,20,19,-1,-5.0,15.2,30.4,1,2,7,1
1015,6,23,43,1,1,0,0.0,23,19,-4,-17.391304347826086,15.2,15.2,1,1,7,4
1016,6,17,32,4,1,3,75.0,17,16,-1,-5.88235294117647,60.8,15.2,4,1,6,1
1017,6,38,76,4,4,0,0.0,38,38,0,0.0,60.8,60.8,4,4,8,0
1018,6,30,60,1,1,0,0.0,30,29,-1,-3.3333333333333335,15.2,15.2,1,1,6,1
1019,6,51,108,1,1,0,0.0,51,51,0,0.0,15.2,15.2,1,1,15,0
1020,6,13,26,1,2,-1,-100.0,13,12,-1,-7.6923076923076925,15.2,30.4,1,2,4,1
1021,6,32,66,6,1,5,83.33333333333334,32,32,0,0.0,91.19999999999999,15.2,6,1,6,0
1022,6,32,67,4,1,3,75.0,32,32,0,0.0,60.8,15.2,4,1,7,0
1023,6,17,33,3,4,-1,-33.33333333333333,17,16,-1,-5.88235294117647,45.599999999999994,60.8,3,4,4,1
1024,6,18,39,1,1,0,0.0,18,17,-1,-5.555555555555555,15.2,15.2,1,1,2,1
1025,6,38,80,6,3,3,50.0,38,37,-1,-2.631578947368421,91.19999999999999,45.599999999999994,6,3,15,1
1026,6,17,31,2,2,0,0.0,17,17,0,0.0,30.4,30.4,2,2,0,0
1027,6,14,28,3,1,2,66.66666666666666,14,14,0,0.0,45.599999999999994,15.2,3,1,5,0
1028,6,44,89,1,9,-8,-800.0,44,42,-2,-4.545454545454546,15.2,136.79999999999998,1,9,11,2
1029,6,19,40,1,1,0,0.0,19,18,-1,-5.263157894736842,15.2,15.2,1,1,6,1
1030,6,42,89,8,1,7,87.5,42,41,-1,-2.380952380952381,121.6,15.2,8,1,7,1
1031,6,13,23,1,1,0,0.0,13,12,-1,-7.6923076923076925,15.2,15.2,1,1,4,1
1032,6,16,33,4,1,3,75.0,16,15,-1,-6.25,60.8,15.2,4,1,6,1
1033,6,32,69,5,5,0,0.0,32,30,-2,-6.25,76.0,76.0,5,5,6,2
1034,6,20,39,2,5,-3,-150.0,20,19,-1,-5.0,30.4,76.0,2,5,6,1
1035,6,33,61,6,1,5,83.33333333333334,33,30,-3,-9.090909090909092,91.19999999999999,15.2,6,1,5,3
1036,6,27,52,3,3,0,0.0,27,27,0,0.0,45.599999999999994,45.599999999999994,3,3,4,0
1037,6,67,127,1,1,0,0.0,67,65,-2,-2.9850746268656714,15.2,15.2,1,1,11,2
1038,6,16,25,2,2,0,0.0,16,14,-2,-12.5,30.4,30.4,2,2,3,2
1039,6,64,125,1,1,0,0.0,64,64,0,0.0,15.2,15.2,1,1,15,0
1040,6,17,32,3,2,1,33.33333333333333,17,14,-3,-17.647058823529413,45.599999999999994,30.4,3,2,4,3
1041,6,30,61,1,1,0,0.0,30,29,-1,-3.3333333333333335,15.2,15.2,1,1,10,1
1042,6,29,55,1,3,-2,-200.0,29,29,0,0.0,15.2,45.599999999999994,1,3,7,0
1043,6,46,95,1,5,-4,-400.0,46,43,-3,-6.521739130434782,15.2,76.0,1,5,13,3
1044,6,24,46,1,3,-2,-200.0,24,24,0,0.0,15.2,45.599999999999994,1,3,7,0
1045,6,32,62,5,5,0,0.0,32,30,-2,-6.25,76.0,76.0,5,5,3,2
1046,6,40,73,9,6,3,33.33333333333333,40,38,-2,-5.0,136.79999999999998,91.19999999999999,9,6,10,2
1047,6,17,30,3,3,0,0.0,17,17,0,0.0,45.599999999999994,45.599999999999994,3,3,5,0
1048,6,30,57,2,1,1,50.0,30,29,-1,-3.3333333333333335,30.4,15.2,2,1,4,1
1049,6,51,100,1,7,-6,-600.0,51,51,0,0.0,15.2,106.39999999999999,1,7,12,0
1050,6,50,97,10,8,2,20.0,50,47,-3,-6.0,152.0,121.6,10,8,13,3
1051,6,28,56,1,1,0,0.0,28,26,-2,-7.142857142857142,15.2,15.2,1,1,6,2
1052,6,57,112,8,1,7,87.5,57,56,-1,-1.7543859649122806,121.6,15.2,8,1,11,1
1053,6,10,19,1,1,0,0.0,10,9,-1,-10.0,15.2,15.2,1,1,1,1
1054,6,21,46,3,2,1,33.33333333333333,21,21,0,0.0,45.599999999999994,30.4,3,2,6,0
1055,6,18,37,2,1,1,50.0,18,16,-2,-11.11111111111111,30.4,15.2,2,1,5,2
1056,6,32,58,6,1,5,83.33333333333334,32,31,-1,-3.125,91.19999999999999,15.2,6,1,5,1
1057,6,26,52,1,1,0,0.0,26,24,-2,-7.6923076923076925,15.2,15.2,1,1,5,2
1058,6,34,67,6,1,5,83.33333333333334,34,33,-1,-2.941176470588235,91.19999999999999,15.2,6,1,9,1
1059,6,30,60,2,2,0,0.0,30,29,-1,-3.3333333333333335,30.4,30.4,2,2,5,1
1060,6,37,73,1,1,0,0.0,37,34,-3,-8.108108108108109,15.2,15.2,1,1,12,3
1061,6,28,52,6,3,3,50.0,28,25,-3,-10.714285714285714,91.19999999999999,45.599999999999994,6,3,6,3
1062,6,59,126,1,1,0,0.0,59,56,-3,-5.084745762711865,15.2,15.2,1,1,19,3
1063,6,46,88,1,1,0,0.0,46,43,-3,-6.521739130434782,15.2,15.2,1,1,16,3
1064,6,26,53,7,1,6,85.71428571428571,26,25,-1,-3.8461538461538463,106.39999999999999,15.2,7,1,8,1
1065,6,34,72,2,1,1,50.0,34,33,-1,-2.941176470588235,30.4,15.2,2,1,7,1
1066,6,27,51,1,4,-3,-300.0,27,26,-1,-3.7037037037037033,15.2,60.8,1,4,7,1
1067,6,22,44,5,4,1,20.0,22,21,-1,-4.545454545454546,76.0,60.8,5,4,7,1
1068,6,24,44,3,2,1,33.33333333333333,24,23,-1,-4.166666666666666,45.599999999999994,30.4,3,2,6,1
1069,6,21,43,9,1,8,88.88888888888889,21,20,-1,-4.761904761904762,136.79999999999998,15.2,9,1,7,1
1070,6,21,37,4,5,-1,-25.0,21,18,-3,-14.285714285714285,60.8,76.0,4,5,5,3
1071,6,34,70,8,4,4,50.0,34,32,-2,-5.88235294117647,121.6,60.8,8,4,5,2
1072,6,55,112,7,1,6,85.71428571428571,55,51,-4,-7.2727272727272725,106.39999999999999,15.2,7,1,16,4
1073,6,35,74,2,6,-4,-200.0,35,33,-2,-5.714285714285714,30.4,91.19999999999999,2,6,4,2
1074,6,38,72,1,2,-1,-100.0,38,36,-2,-5.263157894736842,15.2,30.4,1,2,13,2
1075,6,25,56,6,10,-4,-66.66666666666666,25,24,-1,-4.0,91.19999999999999,152.0,6,10,10,1
1076,6,35,67,11,4,7,63.63636363636363,35,34,-1,-2.857142857142857,167.2,60.8,11,4,6,1
1077,6,43,85,8,1,7,87.5,43,42,-1,-2.3255813953488373,121.6,15.2,8,1,12,1
1078,6,36,79,1,1,0,0.0,36,36,0,0.0,15.2,15.2,1,1,6,0
1079,6,48,108,1,1,0,0.0,48,47,-1,-2.083333333333333,15.2,15.2,1,1,13,1
1080,6,25,48,3,1,2,66.66666666666666,25,25,0,0.0,45.599999999999994,15.2,3,1,5,0
1081,6,25,54,1,1,0,0.0,25,24,-1,-4.0,15.2,15.2,1,1,7,1
1082,6,18,33,3,5,-2,-66.66666666666666,18,18,0,0.0,45.599999999999994,76.0,3,5,3,0
1083,6,40,80,1,1,0,0.0,40,36,-4,-10.0,15.2,15.2,1,1,10,4
1084,6,52,109,1,1,0,0.0,52,51,-1,-1.9230769230769231,15.2,15.2,1,1,13,1
1085,6,56,123,1,1,0,0.0,56,55,-1,-1.7857142857142856,15.2,15.2,1,1,16,1
1086,6,26,45,4,1,3,75.0,26,22,-4,-15.384615384615385,60.8,15.2,4,1,4,4
1087,6,12,23,2,2,0,0.0,12,12,0,0.0,30.4,30.4,2,2,3,0
1088,6,28,50,1,1,0,0.0,28,25,-3,-10.714285714285714,15.2,15.2,1,1,4,3
1089,6,56,110,1,1,0,0.0,56,52,-4,-7.142857142857142,15.2,15.2,1,1,14,4
1090,6,10,17,0,1,-1,0.0,10,10,0,0.0,0.0,15.2,0,1,3,0
1091,6,14,27,2,2,0,0.0,14,13,-1,-7.142857142857142,30.4,30.4,2,2,3,1
1092,6,33,69,1,1,0,0.0,33,32,-1,-3.0303030303030303,15.2,15.2,1,1,8,1
1093,6,25,47,5,5,0,0.0,25,25,0,0.0,76.0,76.0,5,5,7,0
1094,6,33,71,1,1,0,0.0,33,32,-1,-3.0303030303030303,15.2,15.2,1,1,5,1
1095,6,28,59,4,4,0,0.0,28,27,-1,-3.571428571428571,60.8,60.8,4,4,6,1
1096,6,33,74,1,1,0,0.0,33,30,-3,-9.090909090909092,15.2,15.2,1,1,11,3
1097,6,17,25,2,1,1,50.0,17,16,-1,-5.88235294117647,30.4,15.2,2,1,3,1
1098,6,41,86,1,1,0,0.0,41,39,-2,-4.878048780487805,15.2,15.2,1,1,13,2
1099,6,34,76,5,4,1,20.0,34,33,-1,-2.941176470588235,76.0,60.8,5,4,11,1
1100,7,32,58,1,1,0,0.0,32,30,-2,-6.25,15.2,15.2,1,1,8,2
1101,7,86,181,5,1,4,80.0,86,80,-6,-6.976744186046512,76.0,15.2,5,1,26,6
1102,7,18,36,3,5,-2,-66.66666666666666,18,17,-1,-5.555555555555555,45.599999999999994,76.0,3,5,5,1
1103,7,50,111,1,1,0,0.0,50,47,-3,-6.0,15.2,15.2,1,1,15,3
1104,7,37,74,1,1,0,0.0,37,34,-3,-8.108108108108109,15.2,15.2,1,1,5,3
1105,7,43,89,1,1,0,0.0,43,43,0,0.0,15.2,15.2,1,1,10,0
1106,7,36,65,5,2,3,60.0,36,33,-3,-8.333333333333332,76.0,30.4,5,2,16,3
1107,7,46,94,1,1,0,0.0,46,42,-4,-8.695652173913043,15.2,15.2,1,1,8,4
1108,7,78,142,1,1,0,0.0,78,75,-3,-3.8461538461538463,15.2,15.2,1,1,9,3
1109,7,58,122,1,1,0,0.0,58,58,0,0.0,15.2,15.2,1,1,13,0
1110,7,68,161,1,4,-3,-300.0,68,64,-4,-5.88235294117647,15.2,60.8,1,4,18,4
1111,7,68,139,1,1,0,0.0,68,65,-3,-4.411764705882353,15.2,15.2,1,1,22,3
1112,7,67,127,1,1,0,0.0,67,61,-6,-8.955223880597014,15.2,15.2,1,1,20,6
1113,7,76,161,1,1,0,0.0,76,74,-2,-2.631578947368421,15.2,15.2,1,1,21,2
1114,7,49,90,1,2,-1,-100.0,49,44,-5,-10.204081632653061,15.2,30.4,1,2,10,5
1115,7,36,68,5,1,4,80.0,36,35,-1,-2.7777777777777777,76.0,15.2,5,1,6,1
1116,7,54,110,1,1,0,0.0,54,52,-2,-3.7037037037037033,15.2,15.2,1,1,14,2
1117,7,28,54,2,1,1,50.0,28,25,-3,-10.714285714285714,30.4,15.2,2,1,9,3
1118,7,35,68,4,1,3,75.0,35,32,-3,-8.571428571428571,60.8,15.2,4,1,8,3
1119,7,120,244,1,1,0,0.0,120,112,-8,-6.666666666666667,15.2,15.2,1,1,32,8
1120,7,39,73,1,3,-2,-200.0,39,38,-1,-2.564102564102564,15.2,45.599999999999994,1,3,8,1
1121,7,90,191,10,11,-1,-10.0,90,83,-7,-7.777777777777778,152.0,167.2,10,11,25,7
1122,7,51,104,4,5,-1,-25.0,51,48,-3,-5.88235294117647,60.8,76.0,4,5,15,3
1123,7,89,182,8,1,7,87.5,89,83,-6,-6.741573033707865,121.6,15.2,8,1,34,6
1124,7,19,35,1,1,0,0.0,19,19,0,0.0,15.2,15.2,1,1,7,0
1125,7,77,154,1,1,0,0.0,77,73,-4,-5.194805194805195,15.2,15.2,1,1,12,4
1126,7,56,106,4,9,-5,-125.0,56,50,-6,-10.714285714285714,60.8,136.79999999999998,4,9,14,6
1127,7,54,105,1,2,-1,-100.0,54,52,-2,-3.7037037037037033,15.2,30.4,1,2,15,2
1128,7,66,143,1,1,0,0.0,66,62,-4,-6.0606060606060606,15.2,15.2,1,1,14,4
1129,7,53,109,1,1,0,0.0,53,50,-3,-5.660377358490567,15.2,15.2,1,1,10,3
1130,7,49,100,2,3,-1,-50.0,49,46,-3,-6.122448979591836,30.4,45.599999999999994,2,3,10,3
1131,7,55,103,1,2,-1,-100.0,55,52,-3,-5.454545454545454,15.2,30.4,1,2,10,3
1132,7,42,85,3,1,2,66.66666666666666,42,41,-1,-2.380952380952381,45.599999999999994,15.2,3,1,12,1
1133,7,35,69,5,7,-2,-40.0,35,34,-1,-2.857142857142857,76.0,106.39999999999999,5,7,9,1
1134,7,61,128,1,6,-5,-500.0,61,61,0,0.0,15.2,91.19999999999999,1,6,14,0
1135,7,16,38,4,1,3,75.0,16,15,-1,-6.25,60.8,15.2,4,1,5,1
1136,7,85,175,1,1,0,0.0,85,84,-1,-1.1764705882352942,15.2,15.2,1,1,25,1
1137,7,60,128,2,10,-8,-400.0,60,59,-1,-1.6666666666666667,30.4,152.0,2,10,14,1
1138,7,23,45,3,1,2,66.66666666666666,23,22,-1,-4.3478260869565215,45.599999999999994,15.2,3,1,4,1
1139,7,41,82,10,2,8,80.0,41,39,-2,-4.878048780487805,152.0,30.4,10,2,11,2
1140,7,44,93,6,4,2,33.33333333333333,44,44,0,0.0,91.19999999999999,60.8,6,4,9,0
1141,7,42,78,5,1,4,80.0,42,40,-2,-4.761904761904762,76.0,15.2,5,1,14,2
1142,7,82,161,1,1,0,0.0,82,79,-3,-3.6585365853658534,15.2,15.2,1,1,22,3
1143,7,33,65,1,1,0,0.0,33,29,-4,-12.121212121212121,15.2,15.2,1,1,8,4
1144,7,29,58,2,2,0,0.0,29,29,0,0.0,30.4,30.4,2,2,5,0
1145,7,44,94,1,2,-1,-100.0,44,44,0,0.0,15.2,30.4,1,2,6,0
1146,7,50,109,4,2,2,50.0,50,48,-2,-4.0,60.8,30.4,4,2,10,2
1147,7,17,31,2,2,0,0.0,17,16,-1,-5.88235294117647,30.4,30.4,2,2,4,1
1148,7,43,80,4,4,0,0.0,43,41,-2,-4.651162790697675,60.8,60.8,4,4,11,2
1149,7,35,68,1,1,0,0.0,35,34,-1,-2.857142857142857,15.2,15.2,1,1,9,1
1150,7,65,137,1,1,0,0.0,65,61,-4,-6.153846153846154,15.2,15.2,1,1,13,4
1151,7,52,108,7,10,-3,-42.857142857142854,52,46,-6,-11.538461538461538,106.39999999999999,152.0,7,10,10,6
1152,7,57,114,1,2,-1,-100.0,57,52,-5,-8.771929824561402,15.2,30.4,1,2,14,5
1153,7,42,78,1,5,-4,-400.0,42,39,-3,-7.142857142857142,15.2,76.0,1,5,10,3
1154,7,53,112,1,10,-9,-900.0,53,52,-1,-1.8867924528301887,15.2,152.0,1,10,12,1
1155,7,27,52,1,1,0,0.0,27,23,-4,-14.814814814814813,15.2,15.2,1,1,5,4
1156,7,53,102,6,6,0,0.0,53,50,-3,-5.660377358490567,91.19999999999999,91.19999999999999,6,6,8,3
1157,7,60,117,4,1,3,75.0,60,59,-1,-1.6666666666666667,60.8,15.2,4,1,18,1
1158,7,41,84,6,7,-1,-16.666666666666664,41,40,-1,-2.4390243902439024,91.19999999999999,106.39999999999999,6,7,9,1
1159,7,124,269,1,3,-2,-200.0,124,117,-7,-5.64516129032258,15.2,45.599999999999994,1,3,25,7
1160,7,108,221,1,1,0,0.0,108,103,-5,-4.62962962962963,15.2,15.2,1,1,31,5
1161,7,34,67,4,6,-2,-50.0,34,33,-1,-2.941176470588235,60.8,91.19999999999999,4,6,8,1
1162,7,59,111,1,1,0,0.0,59,52,-7,-11.864406779661017,15.2,15.2,1,1,13,7
1163,7,34,76,2,2,0,0.0,34,33,-1,-2.941176470588235,30.4,30.4,2,2,6,1
1164,7,93,204,8,8,0,0.0,93,92,-1,-1.0752688172043012,121.6,121.6,8,8,16,1
1165,7,107,219,1,1,0,0.0,107,101,-6,-5.607476635514018,15.2,15.2,1,1,25,6
1166,7,18,37,2,4,-2,-100.0,18,17,-1,-5.555555555555555,30.4,60.8,2,4,4,1
1167,7,22,38,1,1,0,0.0,22,22,0,0.0,15.2,15.2,1,1,5,0
1168,7,33,60,3,2,1,33.33333333333333,33,31,-2,-6.0606060606060606,45.599999999999994,30.4,3,2,6,2
1169,7,53,108,1,1,0,0.0,53,48,-5,-9.433962264150944,15.2,15.2,1,1,12,5
1170,7,83,176,12,2,10,83.33333333333334,83,77,-6,-7.228915662650602,182.39999999999998,30.4,12,2,15,6
1171,7,90,170,10,1,9,90.0,90,86,-4,-4.444444444444445,152.0,15.2,10,1,21,4
1172,7,44,81,1,1,0,0.0,44,42,-2,-4.545454545454546,15.2,15.2,1,1,9,2
1173,7,47,91,1,5,-4,-400.0,47,44,-3,-6.382978723404255,15.2,76.0,1,5,11,3
1174,7,82,170,1,4,-3,-300.0,82,76,-6,-7.317073170731707,15.2,60.8,1,4,11,6
1175,7,60,113,1,1,0,0.0,60,54,-6,-10.0,15.2,15.2,1,1,16,6
1176,7,65,134,11,1,10,90.9090909090909,65,64,-1,-1.5384615384615385,167.2,15.2,11,1,9,1
1177,7,42,77,9,1,8,88.88888888888889,42,37,-5,-11.904761904761903,136.79999999999998,15.2,9,1,7,5
1178,7,109,226,1,1,0,0.0,109,102,-7,-6.422018348623854,15.2,15.2,1,1,23,7
1179,7,38,70,3,3,0,0.0,38,37,-1,-2.631578947368421,45.599999999999994,45.599999999999994,3,3,9,1
1180,7,38,70,7,5,2,28.57142857142857,38,34,-4,-10.526315789473683,106.39999999999999,76.0,7,5,8,4
1181,7,29,60,1,2,-1,-100.0,29,28,-1,-3.4482758620689653,15.2,30.4,1,2,9,1
1182,7,74,148,3,1,2,66.66666666666666,74,68,-6,-8.108108108108109,45.599999999999994,15.2,3,1,25,6
1183,7,38,80,1,1,0,0.0,38,36,-2,-5.263157894736842,15.2,15.2,1,1,6,2
1184,7,86,172,8,6,2,25.0,86,83,-3,-3.488372093023256,121.6,91.19999999999999,8,6,16,3
1185,7,36,71,1,3,-2,-200.0,36,36,0,0.0,15.2,45.599999999999994,1,3,13,0
1186,7,25,45,1,5,-4,-400.0,25,25,0,0.0,15.2,76.0,1,5,10,0
1187,7,55,108,1,1,0,0.0,55,55,0,0.0,15.2,15.2,1,1,10,0
1188,7,52,98,8,1,7,87.5,52,49,-3,-5.769230769230769,121.6,15.2,8,1,9,3
1189,7,54,121,2,2,0,0.0,54,50,-4,-7.4074074074074066,30.4,30.4,2,2,17,4
1190,7,69,152,1,2,-1,-100.0,69,63,-6,-8.695652173913043,15.2,30.4,1,2,19,6
1191,7,28,46,3,1,2,66.66666666666666,28,26,-2,-7.142857142857142,45.599999999999994,15.2,3,1,11,2
1192,7,108,233,10,1,9,90.0,108,104,-4,-3.7037037037037033,152.0,15.2,10,1,26,4
1193,7,65,135,1,1,0,0.0,65,62,-3,-4.615384615384616,15.2,15.2,1,1,11,3
1194,7,46,91,5,5,0,0.0,46,44,-2,-4.3478260869565215,76.0,76.0,5,5,7,2
1195,7,66,134,9,7,2,22.22222222222222,66,61,-5,-7.575757575757576,136.79999999999998,106.39999999999999,9,7,21,5
1196,7,85,183,2,2,0,0.0,85,81,-4,-4.705882352941177,30.4,30.4,2,2,22,4
1197,7,57,122,3,1,2,66.66666666666666,57,55,-2,-3.508771929824561,45.599999999999994,15.2,3,1,13,2
1198,7,55,108,1,2,-1,-100.0,55,53,-2,-3.6363636363636362,15.2,30.4,1,2,10,2
1199,7,77,155,1,1,0,0.0,77,71,-6,-7.792207792207792,15.2,15.2,1,1,24,6
